country,sidea,sideb,Med_yes.no,year_term,Incompatibility,territory,episode.start.date,episode.end.date,med.begins,med.ends,name.of.third.party
Afghanistan,"Afghanistan, USA, UK, Belgium, Canada, Czech Republic, France, Germany, Italy, P","Taleban, Hizb-i Islami-yi Afghanistan - Hekmatyar faction",1,2009,2,Afghanistan,6/5/03,,11/23/09,,"Fazlur Rehman Khalil, a Kashmiri Jihadi leader"
Afghanistan,Afghanistan,"UIFSA, Australia, Canada, France, Germany, Italy, Japan, Jordan, Netherlands",1,2001,2,Afghanistan,4/27/78,12/7/01,2/10/88,6/23/88,"UN, OIC, UIFSA, Australia, Canada, France, Germany, Italy, Japan, Jordan, Netherlands"
Algeria,Algeria,GSPC,1,2009,1,Algeria,12/9/91,,6/12/06,6/12/07,Hadj Bettou
Angola,Angola,FLEC-FAC,0,1998,1,Cabinda,1/1/96,12/31/98,,,"Catholic Bishop of Cabinda, Dom Paulino Madeca,"
Angola,Angola,FLEC-FAC,0,2004,1,Cabinda,2/10/04,12/31/04,,,
Afghanistan,Afghanistan,Taleban,1,2008,2,Afghanistan,6/5/03,,9/24/08,9/28/08,King Abdullah of Saudi Arabia
Angola,Angola,FLEC-FAC,0,2007,1,Cabinda,5/12/07,12/31/07,,,
Angola,Angola,FLEC_FAC,0,2009,1,Cabinda,6/14/09,,,,
Angola,Angola,"FLEC-FAC, FLEC-R",0,1994,1,Cabinda,1/1/94,12/31/94,,,
Angola,Angola,"FLEC-FAC, FLEC-R",1,1998,1,Cabinda,1/1/96,12/31/98,3//1996,4/11/96,Namibia
Angola,Angola,"FLEC-FAC, FLEC-R",0,2002,1,Cabinda,1/1/02,12/31/02,,,
Angola,Angola,FLEC-R,0,1991,1,Cabinda,6/1/91,12/31/91,,,
Angola,Angola,UNITA,1,1995,2,Angola,11/11/75,12/31/95,1//1988,10/31/94,United Nations
Angola,Angola,UNITA,1,2002,2,Angola,3/12/98,4/4/02,3/15/02,4/4/02,UN
Angola,Angola,"UNITA, MLLP-LP",1,1995,2,,11/11/75,12/31/95,1/6/94,1/30/94,"Beye, the UN Special Rep in Angola"
Angola,Angola,"UNITA, MLLP-LP",1,1995,2,,11/11/75,12/31/95,10/31/94,10/31/94,"Beye, the UN Special Rep in Angola"
Angola,Angola,"UNITA, MLLP-LP",1,1995,2,,11/11/75,12/31/95,11/27/92,11/27/92,"M. Anstee, The UN Special Repesentative in Angola"
Angola,Angola,"UNITA, MLLP-LP",1,1995,2,,11/11/75,12/31/95,12/22/93,12/22/93,"Alioume Blondin Beye, the UN Special Rep in Angola"
Angola,Angola,"UNITA, MLLP-LP",1,1995,2,,11/11/75,12/31/95,2/2/93,2/2/93,"M. Anstee, The UN Special Repesentative in Angola"
Angola,Angola,"UNITA, MLLP-LP",1,1995,2,,11/11/75,12/31/95,3/1/96,3/1/96,"Beye, the UN Special Rep in Angola"
Angola,Angola,"UNITA, MLLP-LP",1,1995,2,,11/11/75,12/31/95,4/12/93,5/21/93,"M. Anstee, The UN Special Repesentative in Angola"
Angola,Angola,"UNITA, MLLP-LP",1,1995,2,,11/11/75,12/31/95,5/17/95,5/17/95,"Beye, the UN Special Rep in Angola"
Argentina,Argentina,"ERP , Montoneros",0,1977,2,Argentina,12/31/73,12/31/77,,,
Argentina,Argentina,Military faction,0,1955,2,Argentina,1/16/55,9/19/55,,,
Argentina,Argentina,Military faction,0,1963,2,Argentina,9/19/63,9/22/63,,,
Azerbaijan,Azerbaijan,Husseinov military faction,0,1993,1,Azerbaijan,6/4/93,6/18/93,,,
Azerbaijan,Azerbaijan,OPON forces,0,1995,1,Azerbaijan,3/17/95,3/17/95,,,
Azerbaijan,Azerbaijan,Republic of Nagorno-Karabakh,0,1994,1,Nagorno-Karabakh,1/1/92,5/9/94,,,
Azerbaijan,Azerbaijan,Republic of Nagorno-Karabakh,1,1994,1,Nagorno-Karabakh,1/1/92,5/9/94,9/19/92,9/25/92,Russia
Azerbaijan,Azerbaijan,Republic of Nagorno-Karabakh,1,1994,1,Nagorno-Karabakh,1/1/92,5/9/94,11//1993,12//1994,Minsk Group (Russian Envoy Vladimir Kazimirov)
Azerbaijan,Azerbaijan,Republic of Nagorno-Karabakh,1,1994,1,Nagorno-Karabakh,1/1/92,5/9/94,9//1992,,Kazakhstan  (President Nazarbayev)
Azerbaijan,Azerbaijan,Republic of Nagorno-Karabakh,1,1994,1,Nagorno-Karabakh,1/1/92,5/9/94,,10/28/93,Iranian President
Azerbaijan,Azerbaijan,Republic of Nagorno-Karabakh,1,1994,1,Nagorno-Karabakh,1/1/92,5/9/94,9/19/91,9/25/91,"Russia (Pres. Yeltsin), Kazakhstan (Pres. Nazarbayev)"
Azerbaijan,Azerbaijan,Republic of Nagorno-Karabakh,1,1994,1,Nagorno-Karabakh,1/1/92,5/9/94,2/1/92,12//1994,CSCE
Azerbaijan,Azerbaijan,Republic of Nagorno-Karabakh,1,1994,1,Nagorno-Karabakh,1/1/92,5/9/94,2/20/92,2/28/92,Russia (Russian Andrei Kozyrev)
Azerbaijan,Azerbaijan,Republic of Nagorno-Karabakh,1,1994,1,Nagorno-Karabakh,1/1/92,5/9/94,2/25/92,5//1992,Iran (Deputy FM Mahmoud Va'ezi)
Azerbaijan,Azerbaijan,Republic of Nagorno-Karabakh,1,1994,1,Nagorno-Karabakh,1/1/92,5/9/94,3/18/92,,Int'l Red Cross
Azerbaijan,Azerbaijan,Republic of Nagorno-Karabakh,1,1994,1,Nagorno-Karabakh,1/1/92,5/9/94,4/1/92,12//1994,CSCE
Azerbaijan,Azerbaijan,Republic of Nagorno-Karabakh,1,1994,1,Nagorno-Karabakh,1/1/92,5/9/94,4/14/92,4/26/92,Russia (FM Andrei Kozyrev)
Azerbaijan,Azerbaijan,Republic of Nagorno-Karabakh,1,1994,1,Nagorno-Karabakh,1/1/92,5/9/94,8/1/92,8/5/92,CSCE
Azerbaijan,Azerbaijan,Republic of Nagorno-Karabakh,1,1994,1,Nagorno-Karabakh,1/1/92,5/9/94,5/4/94,5/5/94,"CIS Inter-Parliamentary Assembly, Kyrgyz Republic, Russia"
Azerbaijan,Azerbaijan,Republic of Nagorno-Karabakh,1,2005,1,Nagorno-Karabakh,10/9/05,12/5/05,2/10/06,2/11/06,The Organization for Security and Cooperation in Europe (OSCE)
Azerbaijan,Azerbaijan,Republic of Nagorno-Karabakh,1,1994,1,Nagorno-Karabakh,,,6/16/97,11/20/97,Minsk Group
Azerbaijan,Azerbaijan,Republic of Nagorno-Karabakh,1,1994,1,Nagorno-Karabakh,,,6/3/01,6/6/01,Minsk Group
Bangladesh,Bangladesh,JSS/SB/Shanti Bahini,0,1992,1,Chittagong Hill Tracts,2/1/75,11/5/92,,,
Bolivia,Bolivia,ELN,0,1967,1,Bolivia,3/1/67,10/16/67,,,
Bolivia,Bolivia,MNR,0,1952,1,Bolivia,4/9/52,4/12/52,,,
Bolivia,Bolivia,Popular Revolutionary Movement - Question: is this the proper name? I can't find any reference to this group other than the Nationalist Revolutionary Movement. ,0,1946,1,Bolivia,6/1/46,7/21/46,,,
Bosnia and Herzegovina,Bosnia and Herzegovina,Autonomous Province of Western Bosnia,0,1995,1,Bihaca Krajina,10/7/93,8/7/95,,,
Bosnia and Herzegovina,Bosnia and Herzegovina,"Croatian Republic of Bosnia and Herzegovina, Croatian irregulars",1,1994,1,Croat,4/30/93,12/31/94,2/13/92,2/27/92,"Lord Carrington chair of EC peace conference, Portuguese Ambassador Jose Cutileiro"
Bosnia and Herzegovina,Bosnia and Herzegovina,"Croatian Republic of Bosnia and Herzegovina, Croatian irregulars",1,1994,1,Croat,4/30/93,12/31/94,7/27/92,7/28/92,"Jose Cutileiro, EC chief negotiator/Portuguese Ambassador"
Bosnia and Herzegovina,Bosnia and Herzegovina,"Croatian Republic of Bosnia and Herzegovina, Croatian irregulars",1,1994,1,Croat,4/30/93,12/31/94,2/26/94,3/18/94,US diplomats
Bosnia and Herzegovina,Bosnia and Herzegovina,"Croatian Republic of Bosnia and Herzegovina, Croatian irregulars",1,1994,1,Croat,4/30/93,12/31/94,4/23/92,4/23/92,EC Lord Carrington
Bosnia and Herzegovina,Bosnia and Herzegovina,"Croatian Republic of Bosnia and Herzegovina, Croatian irregulars",1,1994,1,Croat,4/30/93,12/31/94,9/18/92,9/21/92,EC/UN Owen and Vance
Bosnia and Herzegovina,Bosnia and Herzegovina,"Croatian Republic of Bosnia and Herzegovina, Croatian irregulars",1,1994,1,Croat,4/30/93,12/31/94,1/2/93,1/30/93,EC/UN Owen and Vance
Bosnia and Herzegovina,Bosnia and Herzegovina,"Croatian Republic of Bosnia and Herzegovina, Croatian irregulars",1,1994,1,Croat,4/30/93,12/31/94,3/25/93,3/25/93,EC/UN Owen and Vance
Bosnia and Herzegovina,Bosnia and Herzegovina,"Croatian Republic of Bosnia and Herzegovina, Croatian irregulars",1,1994,1,Serb,4/30/93,12/31/94,3/25/93,3/25/93,EC/UN Owen and Vance
Bosnia and Herzegovina,Bosnia and Herzegovina,"Croatian Republic of Bosnia and Herzegovina, Croatian irregulars",1,1994,1,Croat,4/30/93,12/31/94,5/1/93,5/2/93,EC/UN Owen and Vance
Bosnia and Herzegovina,Bosnia and Herzegovina,"Croatian Republic of Bosnia and Herzegovina, Croatian irregulars",1,1994,1,Serb,4/30/93,12/31/94,5/1/93,5/2/93,EC/UN Owen and Vance
Bosnia and Herzegovina,Bosnia and Herzegovina,"Croatian Republic of Bosnia and Herzegovina, Croatian irregulars",1,1994,1,Croat,4/30/93,12/31/94,1/4/94,1/10/94,EC/UN Owen and Vance
Bosnia and Herzegovina,Bosnia and Herzegovina,"Croatian Republic of Bosnia and Herzegovina, Croatian irregulars",1,1994,1,Croat,4/30/93,12/31/94,1/25/93,10/16/93,Lord David Owen (EU) former Sec. of State Cyrus Vance (UN)
Bosnia and Herzegovina,Bosnia and Herzegovina,"SDS-BIH, BDZ-BIH, SDA",1,1995,NA,,,11//1995,12/3/92,12/4/92,Lord Owen & Vance
Bosnia and Herzegovina,Bosnia and Herzegovina,"Serbian Republic of Bosnia and Herzegovina, Serbian irregulars",0,1994,1,Serb,5/1/92,11/21/95,,,
Bosnia and Herzegovina,Bosnia and Herzegovina,"Serbian Republic of Bosnia and Herzegovina, Serbian irregulars",0,1994,1,Serb,5/1/92,11/21/95,,,
Bosnia and Herzegovina,Bosnia and Herzegovina,"Serbian Republic of Bosnia and Herzegovina, Serbian irregulars",1,1994,1,Serb,5/1/92,11/21/95,2/13/92,2/27/92,"Lord Carrington chair of EC peace conference, Portuguese Ambassador Jose Cutileiro"
Bosnia and Herzegovina,Bosnia and Herzegovina,"Serbian Republic of Bosnia and Herzegovina, Serbian irregulars",1,1994,1,Serb,5/1/92,11/21/95,7/27/92,7/28/92,"Jose Cutileiro, EC chief negotiator/Portuguese Ambassador"
Bosnia and Herzegovina,Bosnia and Herzegovina,"Serbian Republic of Bosnia and Herzegovina, Serbian irregulars",1,1994,1,Serb,5/1/92,11/21/95,4/23/92,4/23/92,EC Lord Carrington
Bosnia and Herzegovina,Bosnia and Herzegovina,"Serbian Republic of Bosnia and Herzegovina, Serbian irregulars",1,1994,1,Serb,5/1/92,11/21/95,9/18/92,9/21/92,EC/UN Owen and Vance
Bosnia and Herzegovina,Bosnia and Herzegovina,"Serbian Republic of Bosnia and Herzegovina, Serbian irregulars",1,1994,1,Serb,5/1/92,11/21/95,1/2/93,1/30/93,EC/UN Owen and Vance
Bosnia and Herzegovina,Bosnia and Herzegovina,"Serbian Republic of Bosnia and Herzegovina, Serbian irregulars",0,1995,1,Serb,5/1/92,11/21/95,,,
Bosnia and Herzegovina,Bosnia and Herzegovina,"Serbian Republic of Bosnia and Herzegovina, Serbian irregulars",1,1995,1,Serb,5/1/92,11/21/95,11/29/93,12/2/93,EC Owen
Bosnia and Herzegovina,Bosnia and Herzegovina,"Serbian Republic of Bosnia and Herzegovina, Serbian irregulars",1,1995,1,Serb,5/1/92,11/21/95,12/22/93,12/23/93,EC Owen
Bosnia and Herzegovina,Bosnia and Herzegovina,"Serbian Republic of Bosnia and Herzegovina, Serbian irregulars",1,1995,1,Serb,5/1/92,11/21/95,4/7/94,4/7/94,"Commander of UN forces in Bosnia, Lt.-Gen. Sir Michael Rose"
Bosnia and Herzegovina,Bosnia and Herzegovina,"Serbian Republic of Bosnia and Herzegovina, Serbian irregulars",1,1995,1,Serb,5/1/92,11/21/95,4/17/94,4/17/94,"Russian Dep. For. Min. Churkin, UN Spec. Envoy Yugo Akeshi"
Bosnia and Herzegovina,Bosnia and Herzegovina,"Serbian Republic of Bosnia and Herzegovina, Serbian irregulars",1,1995,1,Serb,5/1/92,11/21/95,7/6/94,7/19/94,"Contact Group (US, UK, Russia, France, Germany)"
Bosnia and Herzegovina,Bosnia and Herzegovina,"Serbian Republic of Bosnia and Herzegovina, Serbian irregulars",1,1995,1,Serb,5/1/92,11/21/95,12/18/94,12/20/94,Jimmy Carter 
Bosnia and Herzegovina,Bosnia and Herzegovina,"Serbian Republic of Bosnia and Herzegovina, Serbian irregulars",1,1995,1,Serb,5/1/92,11/21/95,8/9/95,8/29/95,"Contact Group (US Asst. Sec. State Richard Holbrooke, Ambassador Robert Frasure and US National Security Advisor Anthony Lake)"
Bosnia and Herzegovina,Bosnia and Herzegovina,"Serbian Republic of Bosnia and Herzegovina, Serbian irregulars",1,1995,1,Serb,5/1/92,11/21/95,9/26/95,10/5/95,Contact Group (Holbrooke)
Bosnia and Herzegovina,Bosnia and Herzegovina,"Serbian Republic of Bosnia and Herzegovina, Serbian irregulars",1,1995,1,Serb,5/1/92,11/21/95,11/1/95,11/21/95,Contact Group (Holbrooke)
Bosnia and Herzegovina,Bosnia and Herzegovina,"Serbian Republic of Bosnia and Herzegovina, Serbian irregulars",1,1995,1,Serb,5/1/92,11/21/95,1/18/94,1/19/94,EC Owen/ UN Stoltenberg
Bosnia and Herzegovina,Bosnia and Herzegovina,"Serbian Republic of Bosnia and Herzegovina, Serbian irregulars",1,1995,1,Serb,5/1/92,11/21/95,2/15/94,2/20/94,Russian Dep. For. Min. Churkin
Bosnia and Herzegovina,Bosnia and Herzegovina,"Serbian Republic of Bosnia and Herzegovina, Serbian irregulars",1,1995,1,Serb,5/1/92,11/21/95,6/8/94,6/8/94,UN Spec. Envoy Yugo Akeshi
Burkina Faso,Burkina Faso,Popular Front,0,1987,1,Burkina Faso,10/15/87,10/15/87,,,
Burundi,Burundi,Military faction,0,1965,1,Burundi,10/18/65,10/18/65,,,
Burundi,Burundi,Palipehutu,0,1992,1,Burundi,11/26/91,12/31/92,,,
Burundi,Burundi,Palipehutu - FNL,0,2008,2,,3/1/08,12/4/08,,,"Charles Nqakula, South African Minister for Public Safety and Security"
Burundi,Burundi,Palipehutu-FNL,1,2006,1,Burundi,1/1/94,9/8/06,5/1/06,9/8/06,South African Special Envoy Kingsley Mamabol
Cambodia,Cambodia,CGDK,0,1998,1,Cambodia,12/1/78,12/25/98,,,
Cambodia,Cambodia,CGDK,1,1998,1,Cambodia,12/1/78,12/25/98,12/4/87,12/4/87,France
Cambodia,Cambodia,CGDK,1,1998,1,Cambodia,12/1/78,12/25/98,1/20/88,1/21/88,ASEAN
Cambodia,Cambodia,CGDK,1,1998,1,Cambodia,12/1/78,12/25/98,7/7/88,7/26/88,Indonesia Foreign Minister Ali Alatas
Cambodia,Cambodia,CGDK,1,1998,1,Cambodia,12/1/78,12/25/98,2/19/89,2/21/89,Ali Alatas
Cambodia,Cambodia,CGDK,1,1998,1,Cambodia,12/1/78,12/25/98,7/25/89,7/27/89,Roland Dumas
Cambodia,Cambodia,CGDK,1,1998,1,Cambodia,12/1/78,12/25/98,7/30/89,8/30/89,"Ronald Dumas, the French Foreign Minister,he was the chairman of these talks along with the following countries: Indonesia, Canada, Japan, Laos, Malaysia, and India"
Cambodia,Cambodia,CGDK => NGC,1,1998,1,Cambodia,12/1/78,12/25/98,2/26/90,3/1/90,"ASEAN, a special UN representative, France, Australia"
Cambodia,Cambodia,"FUNK, North Vietnam",0,1975,1,Cambodia,5/1/67,4/17/75,,,
Cambodia,Cambodia,Khmer Rouges,1,1998,1,Cambodia,12/1/78,12/25/98,11/7/92,11/8/92,"Yasushi Akashi as well as representatives from Indonesia and France (co-chairs of the Paris International Conference on Cambodia), China, Russia, the USA and the UK (as permanent members of the UN security Council) and Australia, Germany, Japan and Thailand "
Cambodia,Cambodia,Khmer Rouges,1,1998,1,Cambodia,12/1/78,12/25/98,7/13/93,7/13/93,Lt.-Gen. John Sanderson
Cambodia,Cambodia,"Khmer Rouges-opposition, Funcinppe Party-ruling, Cambodian People's Party-ruling",1,1998,NA,,12/1/78,12//1998,2/17/98,2/28/98,"Japan and Thai Envoys, Jap Dep Minister Komura and Thai Min Darbatha"
Cambodia,Cambodia,NGC,1,1998,1,Cambodia,12/1/78,12/25/98,6/4/90,6/5/90,"Chatichai Choonhaven, Toshiki Kaifu"
Cambodia,Cambodia,NGC,1,1998,1,Cambodia,12/1/78,12/25/98,9/9/90,9/10/90,Indonesia and France 
Cambodia,Cambodia,NGC,1,1998,1,Cambodia,12/1/78,12/25/98,12/21/90,12/22/90,"Roland Dumas, Ali Alatas and Rafeeuddin Ahmed"
Cambodia,Cambodia,NGC,1,1998,1,Cambodia,12/1/78,12/25/98,2/4/91,2/3/91,Gen Chatichai Choonhavan
Cambodia,Cambodia,NGC,1,1998,1,Cambodia,12/1/78,12/25/98,4/22/91,4/26/91,"Roland Dumas, Ali Alatas and Javier P_rez de Cu_llar"
Cambodia,Cambodia,NGC,1,1998,1,Cambodia,12/1/78,12/25/98,6/2/91,6/4/91,"Roland Dumas, Ali Alatas"
Cambodia,Cambodia,NGC,1,1998,1,Cambodia,12/1/78,12/25/98,6/24/91,6/26/91,Thai Prime Minister Anand Panyarachun
Cambodia,Cambodia,NGC,1,1998,1,Cambodia,12/1/78,12/25/98,8/26/91,8/29/91,US Assistant Secretary of State Richard Solomon
Cambodia,Cambodia,NGC,1,1998,1,Cambodia,12/1/78,12/25/98,9/20/91,9/21/91,Paris International Conference
Cambodia,Cambodia,NGC,1,1998,1,Cambodia,12/1/78,12/25/98,1/14/92,1/14/92,"Jean-Jacques Fresard, UN Security Council"
Cameroon,Cameroon,Military faction,0,1984,1,Cameroon,4/6/84,4/9/84,,,
Cameroon,Cameroon,UPC,0,1961,2,,1/1/60,12/31/61,,,
Central African Republic,Central African Republic,CPJP,1,2009,2,Central African Republic,12/7/09, ,12/15/09,8/25/12,"Paulin Pomodimo, former Archbishop of Bangui"
Central African Republic,Central African Republic,Forces of Francois Bozize,1,2002,1,Central African Republic,6/1/01,12/31/02,8/1/01,11/2/02,"UN Representative of the Secretary to the CAR Lamine Cisse, OAU, Bishop Paulin Pomodimo "
Central African Republic,Central African Republic,Military faction,1,2005,NA,Central African Republic,6/1/01,12/31/02,1/15/05,1/22/05,Gabon's President Omar Bongo Ondimba
Central African Republic,Central African Republic,Military faction,1,2007,NA,Central African Republic,11/27/06,12/31/06,8/23/07,8/25/07,Centre for Humanitarian Dialogue
Central African Republic,Central African Republic,APRD,1,2008,NA,Central African Republic,11/27/06,12/31/06,2/1/08,5/9/08,Gabon's President Omar Bongo Ondimba
Central African Republic,Central African Republic,UFDR,1,2007,2,Central African Republic,11/27/06,12/31/06,11/5/06,4/14/07,Former Prime Minister and Transitional Vice-President of C.A.R. Abel Goumba
Chad,Chad,"GUNT, CDR",1,1987,2,Chad,1/1/86,11/1/87,2/12/86,8/28/86,"Libya, France"
Chad,Chad,"CSNPD, CNR, FNT",0,1994,1,Chad,11/1/65,12/31/94,,,
Chad,Chad,"Frolinat, First Liberation Army, Second Liberation Army",0,1972,2,Chad,7/1/66,11/24/72,,,
Chad,Chad,"FUCD, UFDD, RAFD, AN, UFR",1,2009,2,,12/18/05,,2/2/08,,"Libyan leader Al-Gaddafi,  Rep. of Congo Pres. Denis Sassou-Nguesso "
Chad,Chad,RAFD,1,2009,NA,Chad,12/18/05,,4/14/07,,Great Jamahiriyah 
Chad,Chad,"FUCD, UFDD, RAFD, AN, UFR",1,2009,2,,12/18/05,,?,7/26/09,Abderamane Moussa (Libya)
Chad,Chad,"FAN, FAP, FAT, GUNT",1,1984,NA,Chad,2/28/76,12/31/84,3/2/1882,11/8/84,OAU
Chad,Chad,"FARF, MDD, MDJT",1,2002,1,Chad,10/30/97,12/31/02,1/4/02,1/7/02,Libyan Leader Muammar al-Gaddafi
Chile,Chile,Military faction,0,1973,1,Chile,9/11/73,9/11/73,,,
China,China,Peoples Liberation Army,0,1949,1,China,1/1/46,10/1/49,,,
China,China,Taiwanese Insurgents,0,1947,1,Taiwan,2/28/47,3/24/47,,,
China,China,Tibetan Insurgents,0,1950,1,Tibet,10/7/50,10/9/50,,,
China,China,Tibetan Insurgents,0,1956,1,Tibet,5/1/56,12/31/56,,,
China,China,Tibetan Insurgents,0,1959,1,Tibet,1/1/59,4/23/59,,,
Colombia,Colombia,"FARC , ELN, EPL",1,2009,NA,,1/1/64,,10/19/99,10/20/99,Cuba Castro
Colombia,Colombia,"FARC , ELN, EPL",1,2009,NA,,1/1/64,,10/24/99,10/27/99,Cuba Castro
Colombia,Colombia,"FARC , ELN, EPL",1,2009,NA,,1/1/64,,11/25/99,11/28/99,Cuba Castro
Colombia,Colombia,"FARC , ELN, EPL",1,2009,1,Colombia,1/1/64,,6/11/99,11/25/02,"UN, Catholic Church, Cuba, France, and Switzerland"
Colombia,Colombia,"FARC , ELN, EPL",1,2009,1,Colombia,1/1/64,,8/26/04,,Peace Commissioner Luis C. Restrepo
Colombia,Colombia,"FARC , ELN, EPL",1,2009,1,Colombia,1/1/64,,7/1/03,7/31/03,OAS
Comoros,Comoros,MPA/Republic of Anjouan,1,1997,1,Anjouan,9/5/97,12/13/97,8/6/97,12/13/97,Organization of African Unity - Pierre Yere
Comoros,Comoros,MPA/Republic of Anjouan,1,NA,1,Anjouan,,,1/5/01,2/17/01,OAU/OIF
Comoros,Comoros,MPA/Republic of Anjouan,1,NA,1,Anjouan,,,12/20/03,12/20/03,"AU (Thabo Mbeki), South Africa, Madagascar, Tanzania, Mauritius and Mozambique, France, UN"
Comoros,Comoros,Presidential guard,0,1989,1,Comors,11/29/89,11/29/89,,,
Congo/Zaire,Congo/Zaire,CNL,0,1965,1,Congo-Zaire,5/1/64,12/31/65,,,
Congo/Zaire,Congo/Zaire,FLNC,0,1978,1,Shaba District,8/17/77,6/15/78,,,
Congo/Zaire,Congo/Zaire,Independent Mining State of South Kasai,0,1962,1,South Kasai,8/1/60,10/2/62,,,
Congo/Zaire,Congo/Zaire,Katanga,0,1962,1,Katanga,7/1/60,12/28/62,,,
Congo/Zaire,Congo/Zaire,"MLC, RCD, AFDL",1,2001,NA,,10/18/96,12/31/01,11/19/98,11/20/98,South African President Mandela
Congo/Zaire,Congo/Zaire,"MLC, RCD, AFDL",1,2001,NA,,10/18/96,12/31/01,4/18/99,4/19/99,Libyan President Kadhafi
Congo/Zaire,Congo/Zaire,"MLC, RCD, AFDL",1,2001,NA,,10/18/96,12/31/01,6/24/99,7/11/99,"Former Zambia Pres., Fredrick Ghiluba, S. African Pres. Mandela"
Congo/Zaire,Congo/Zaire,"MLC, RCD, AFDL",1,2001,NA,,10/18/96,12/31/01,8/31/99,8/31/99,South African President Mandela
Congo/Zaire,Congo/Zaire,"MLC, RCD, RCD - ML",1,2001,NA,Congo-Zaire,10/18/96,12/31/01,7/20/99,2/13/01,"ministers of foreign affairs and defense of Angola, DRC, Namibia, Rwanda, Uganda, and Zimbabwe, Zambia."
Congo/Zaire,Congo/Zaire,Opposition militias,0,1967,1,Congo-Zaire,7/11/67,11/5/67,,,
Congo-Brazzaville,Congo-Brazzaville,Ninjas,0,1994,1,Congo-Brazzaville,11/3/93,1/30/94,,,
Congo-Brazzaville,Congo-Brazzaville,"Ninjas, Cocoyes, Ntsiloulous",1,1999,1,Congo-Brazzaville,6/1/97,12/29/99,8/26/99,12/30/99,El Hadj Omar Bongo Ondimba
Congo-Brazzaville,Congo-Brazzaville,Ntsiloulous,0,2007,1,Congo-Brazzaville,6/14/02,4/1/07,,,
Costa Rica,Costa Rica,National Liberation Army,1,1948,1,Costa Rica,3/3/48,4/20/48,4/14/48,4/18/48,"Diplomatic Corp (setting up negotiating commission of US, Mexco, Argentinean, Panama"
Croatia,Croatia,Serbian Republic of Krajina,0,1993,1,Serb,1/1/92,12/23/93,,,
Croatia,Croatia,Serbian Republic of Krajina,1,1993,1,Serb,5/3/95,11/21/95,3/22/94,3/30/94,Russian special envoy Vitaly Churkin
Croatia,Croatia,Serbian Republic of Krajina,1,1995,1,Serb,5/3/95,11/21/95,9//1995,10/3/95,"US ambassador Peter Galbraith and UN mediator Thorvald Stoltenberg, UNTAES (United Nations Transitional Administration for Eastern Slavonia, Baranja and Western Srijem)"
Croatia,Croatia,Serbian Republic of Krajina,1,1995,1,Serb,5/3/95,11/21/95,11/1/95,11/12/95,"US ambassador Peter Galbraith and UN mediator Thorvald Stoltenberg, UNTAES (United Nations Transitional Administration for Eastern Slavonia, Baranja and Western Srijem)"
Croatia,Croatia,"Serbian Republic of Krajina, Yugoslavia",1,1993,1,Serb,1/1/92,12/23/93,3/5/93,3/30/93,UN representatives (Herbert Okun and Geert Ahrens
Croatia,Croatia,"Serbian Republic of Krajina, Yugoslavia",1,1993,1,Serb,1/1/92,12/23/93,4/3/93,5/4/93,UN
Croatia,Croatia,"Serbian Republic of Krajina, Yugoslavia",1,1993,1,Serb,1/1/92,12/23/93,5/18/93,5/20/93,"UN, Russia (Russian envoy to the Yugoslav peace talks, Vitaly Churkin, and the Russian ambassador to Croatia, Leonid Kerestedzhiyants)"
Croatia,Croatia,"Serbian Republic of Krajina, Yugoslavia",1,1993,1,Serb,1/1/92,12/23/93,8/12/93,8/20/93,UN (Geert Ahrens and Knut Vollebaek)
Croatia,Croatia,"Serbian Republic of Krajina, Yugoslavia",1,1993,1,Serb,1/1/92,12/23/93,9/1/91,9/2/91,EC Dutch FM Hans Van den Broek
Croatia,Croatia,"Serbian Republic of Krajina, Yugoslavia",1,1993,1,Serb,1/1/92,12/23/93,9/7/91,9/12/91,EC Lord Carrington and arbitration commission of international lawyers
Croatia,Croatia,"Serbian Republic of Krajina, Yugoslavia",1,1993,1,Serb,1/1/92,12/23/93,9/17/91,9/17/91,EC Lord Carrington
Croatia,Croatia,"Serbian Republic of Krajina, Yugoslavia",1,1993,1,Serb,1/1/92,12/23/93,10/4/91,10/15/91,EC Lord Carrington
Croatia,Croatia,"Serbian Republic of Krajina, Yugoslavia",1,1993,1,Serb,1/1/92,12/23/93,1/2/92,1/21/92,"EC Reps, UN special envoy Cyrus Vance"
Croatia,Croatia,"Serbian Republic of Krajina, Yugoslavia",1,1993,1,Serb,1/1/92,12/23/93,1/27/92,1/28/92,UN Under Sec. Gen. for Spcl. Pol Affairs Goulding
Croatia,Croatia,"Serbian Republic of Krajina, Yugoslavia",1,1993,1,Serb,1/1/92,12/23/93,10/1/993,10/30/93,"Lord David Owen (EU), Thorvald Stoltenberg (UN)"
Cuba,Cuba,"Castro, Military faction",0,1953,1,Cuba,7/26/53,7/27/53,,,
Cuba,Cuba,Cuban Revolutionary Council,0,1961,2,,4/17/61,4/20/61,,,
Cuba,Cuba,Movimiento 26 De Julio: 26th of July Movement,0,1958,1,Cuba,1/1/57,12/31/58,,,
Democratic Republic of Congo (Zaire) ,Democratic Republic of Congo (Zaire) ,BDK,1,2008,1,Kongo Kingdom,2/1/07,12/31/08,11/19/08,12/20/09,"Olusegun Obasanjo, former president of Nigeria, former Tanzanian President Benjamin Mkapa "
Democratic Republic of Congo (Zaire) ,Democratic Republic of Congo (Zaire) ,CNDP,1,2008,2,,11/25/06,10/29/08,11/19/08,12/20/09,"Olusegun Obasanjo, former president of Nigeria, former Tanzanian President Benjamin Mkapa "
Djibouti,Djibouti,FRUD,0,1994,1,Djibouti,11/13/91,12/26/94,,,
Djibouti,Djibouti,FRUD-faction,0,1999,1,Djibouti,7/24/99,12/31/99,,,
Dominican Republic,Dominican Republic,Military faction,1,1965,NA,,1/1/65,8/31/65,5/1/65,5/5/65,"Dr. Jose Antonio Mora, OAS Sec-Gen"
Dominican Republic,Dominican Republic,Military faction,1,1965,NA,,1/1/65,8/31/65,5/10/65,5/17/65,"OAS Peace Commission (Chairman, Colombo)"
Dominican Republic,Dominican Republic,Military faction,1,1965,NA,,1/1/65,8/31/65,5/16/65,5/26/65,"US McGeorge Bundy, President's Special Advisor on National Security Affairs"
Dominican Republic,Dominican Republic,Military faction,1,1965,NA,,1/1/65,8/31/65,5/17/65,5/23/65,Dominican Red Cross
Dominican Republic,Dominican Republic,Military faction,1,1965,NA,,1/1/65,8/31/65,6/4/65,8/31/65,OAS Mediation Committee (Banker: US; Marinho: Brazil; Duenes: El Salvador)
Egypt,Egypt,al-Gamaa al-Islamiyya,0,1998,1,Egypt,3/10/93,12/31/98,,,
El Salvador,El Salvador,FMLN,1,1991,1,El Salvador,10/1/79,12/31/91,1/2/91,1/1/92,"UN, Catholic Church, and US pushing the El Salvadoran government"
El Salvador,El Salvador,FMLN-rebels,1,1991,NA,,10/1/79,12/31/91,1/4/91,7/11/91,UN Rep de Soto
El Salvador,El Salvador,FMLN-rebels,1,1991,NA,,10/2/79,12/31/91,10/15/84,10/15/84,Archbishop Damas
El Salvador,El Salvador,FMLN-rebels,1,1991,NA,,10/3/79,12/31/91,10/4/88,10/23/88,Archbishop Damas
El Salvador,El Salvador,FMLN-rebels,1,1991,NA,,10/4/79,12/31/91,11/30/84,12/11/84,
El Salvador,El Salvador,FMLN-rebels,1,1991,NA,,10/5/79,12/31/91,12/28/91,12/31/91,UN Rep de Soto and Sec Gen Perez de Cuellar
El Salvador,El Salvador,FMLN-rebels,1,1991,NA,,10/6/79,12/31/91,2/9/88,2/9/88,Archbishop Damas
El Salvador,El Salvador,FMLN-rebels,1,1991,NA,,10/7/79,12/31/91,4/4/90,4/11/90,Sec General De Cuellar
El Salvador,El Salvador,FMLN-rebels,1,1991,NA,,10/8/79,12/31/91,5/16/90,5/21/90,Envoy de Soto
El Salvador,El Salvador,FMLN-rebels,1,1991,NA,,10/9/79,12/31/91,7/21/90,10/28/90,Envoy de Soto
El Salvador,El Salvador,FMLN-rebels,1,1991,NA,,10/10/79,12/31/91,8/20/86,9/14/86,Archbishop Damas
El Salvador,El Salvador,FMLN-rebels,1,1991,NA,,10/11/79,12/31/91,9/12/87,9/15/87,Archbishop Damas
El Salvador,El Salvador,FMLN-rebels,1,1991,NA,,10/12/79,12/31/91,9/16/91,9/25/91,UN Sec Gen Perez de Cuellar
El Salvador,El Salvador,Military faction,0,1972,1,El Salvador,4/25/72,4/25/72,,,
Equatorial Guinea,Equatorial Guinea,Military faction,0,1979,1,Equatorial Guinea,8/3/79,8/3/79,,,
Eritrea,Eritrea,EIJM,0,1997,1,Eritrea,4/30/97,12/31/97,,,
Eritrea,Eritrea,EIJM,0,1999,1,Eritrea,1/1/99,12/31/99,,,
Eritrea,Eritrea,EIJM,0,2003,1,Eritrea,1/1/03,12/31/03,,,
Ethiopia,Ethiopia,ALF,0,1976,1,Afar,6/15/75,12/31/76,,,
Ethiopia,Ethiopia,ALF,0,1991,1,Afar,1/1/89,5/28/91,,,
Ethiopia,Ethiopia,al-Itahad al-Islami,0,1997,1,Somali,8/10/96,12/31/97,,,
Ethiopia,Ethiopia,al-Itahad al-Islami,0,1999,1,Somali,1/1/99,12/31/99,,,
Ethiopia,Ethiopia,ARDUF,0,1996,1,Afar,6/1/96,12/31/96,,,
Ethiopia,Ethiopia,EPLF,0,1991,1,Eritrea,1/1/62,5/29/91,,,
Ethiopia,Ethiopia,EPLF,1,1991,1,Eritrea,1/1/62,5/29/91,2//1989,2/14/89,Sudan
Ethiopia,Ethiopia,EPLF,1,1991,1,Eritrea,1/1/62,5/29/91,2/23/80,2/24/80,Soviet Union
Ethiopia,Ethiopia,EPLF,1,1991,1,Eritrea,1/1/62,5/29/91,9/7/89,9/19/89,Former US Pres. Jimmy Carter
Ethiopia,Ethiopia,EPLF,1,1991,1,Eritrea,1/1/62,5/29/91,11/20/89,11/29/89,Former US Pres. Jimmy Carter
Ethiopia,Ethiopia,EPLF,1,1991,1,Eritrea,1/1/62,5/29/91,2/21/91,2/22/91,USA (Herman Cohen)
Ethiopia,Ethiopia,EPLF,1,1991,1,Eritrea,1/1/62,5/29/91,5/27/91,5/28/91,USA (Herman Cohen)
Ethiopia,Ethiopia,"EPRP, EPRDF",1,1991,1,Ethiopia,1/1/76,5/28/91,5/27/91,5/28/91,United States
Ethiopia,Ethiopia,Military faction,0,1960,1,Ethiopia,12/14/60,12/17/60,,,
Ethiopia,Ethiopia,OLF,0,1978,NA,Oromiya,1/1/77,12/31/78,,,
Ethiopia,Ethiopia,OLF,0,1985,NA,Oromiya,7/1/83,12/31/85,,,
Ethiopia,Ethiopia,OLF,1,1991,1,Oromiya,1/1/89,5/28/91,5/26/91,4/15/92,"USA, Provisional Govt. of Eritrea"
Ethiopia,Ethiopia,OLF,1,2009,1,Oromiya,1/1/98,,9/17/07,,National Elders
Ethiopia,Ethiopia,OLF,1,2009,1,Oromiya,1/1/98,,8/30/08,10/27/10,"former Ambassador and United Nations official, Berhanu Dinka; the former OLF executive and present representative of the NGO Oxfam in the Horn of Africa, Abera Tola, and the pastor Daniel Gebreselasie. "
Ethiopia,Ethiopia,ONLF,0,1996,1,Ogaden,1/1/96,12/31/96,,,
Ethiopia,Ethiopia,ONLF,0,2002,1,Ogaden,1/1/98,12/31/02,,,
Ethiopia,Ethiopia,ONLF,0,2009,1,Ogaden,1/1/04,,,,
Ethiopia,"Ethiopia, Cuba",WSLF,0,1983,1,Ogaden,1/1/75,12/31/83,,,
Ethiopia,Ethiopia,,1,NA,NA,,,,3/25/64,3/30/64,"Ahmed Kheir, Sudanese Foreign Minister"
Ethiopia,Ethiopia,,1,NA,NA,,,,2/9/75,2/15/75,"M. Shmed, For Min of Sudan"
Ethiopia,Ethiopia,,1,NA,NA,,,,4/2/90,4/2/90,Carter & Former Pres. Nyerere
Ethiopia,Ethiopia,,1,NA,NA,,,,6/14/90,6/14/90,Carter & Former Pres. Nyerere
Ethiopia,Ethiopia,,1,NA,NA,,,,4/27/91,4/28/91,"Boscioctz, envoy of US Pres. Bush"
Ethiopia,Ethiopia,,1,NA,NA,,,,11/20/89,11/29/89,
France,France,OAS,0,1962,2,,4/22/61,6/30/62,,,
Gabon,Gabon,military faction,0,1964,1,Gabon,2/17/64,2/19/64,,,
Gambia,Gambia,NRC,0,1981,1,Gambia,7/30/81,8/5/81,,,
Georgia,Georgia,Republic of Abkhazia,1,1993,1,Abkhazia,8/16/92,12/1/93,8/29/92,9/5/92,"Russia Parliamentary delegation, Sergi Shoigu, chief Russian peace-maker"
Georgia,Georgia,Republic of Abkhazia,1,1993,1,Abkhazia,8/16/92,12/1/93,6/16/93,6/22/93,Russian FM Kozyrev
Georgia,Georgia,Republic of Abkhazia,1,1993,1,Abkhazia,8/16/92,12/1/93,11/29/93,12/1/93,UN
Georgia,Georgia,Republic of Abkhazia,1,1993,1,Abkhazia,8/16/92,12/1/93,3/31/94,4/3/94,"UN, Boutros Ghali, Russia, CSCE, UNHCR"
Georgia,Georgia,Republic of Abkhazia,1,1993,1,Abkhazia,8/16/92,12/1/93,4/13/94,4/15/94,"UN, Brunner/Boutros Ghali, Russia?"
Georgia,Georgia,Republic of Abkhazia,1,1993,1,Abkhazia,8/16/92,12/1/93,2/22/94,2/25/94,"Russian Deputy For. Min. Pastukhov, CSCE, UNHCR"
Georgia,Georgia,Republic of Abkhazia,1,1993,1,Abkhazia,8/16/92,12/1/93,3/7/94,3/9/94,"UN Sec. Gen. Boutros Ghali, Russia, CSCE, UNHCR"
Georgia,Georgia,Republic of Abkhazia,1,1993,1,Abkhazia,8/16/92,12/1/93,1/11/94,1/15/94,"UN Envoy Brunner, Russia"
Georgia,Georgia,Republic of Abkhazia,1,1994,NA,,,4//1994,10/6/93,10/6/93,Swiss Dip on behalf of UN Brunner
Georgia,Georgia,Republic of South Ossetia,1,1992,1,South Ossetia,6/8/92,7/14/92,6//1992,6/24/92,Russia Boris Yeltsin
Georgia,Georgia,Republic of South Ossetia,1,2004,1,South Ossetia,8/19/04,8/19/04,8/10/06,8/14/08,"US, EU, France"
Georgia,Georgia,Republic of South Ossetia,1,2008,1,South Ossetia,8/8/08,8/14/08,,,"Nikolas Sarkozy, President of France (and of EU at the time)"
Georgia,Georgia,Zviadists,0,1993,1,Georgia,12/24/91,12/31/93,,,
Ghana,Ghana,Military faction,0,1981,1,Ghana,12/31/81,12/31/81,,,
Ghana,Ghana,Military faction,0,1983,1,Ghana,3/2/83,6/19/83,,,
Ghana,Ghana,NLS,0,1966,1,Ghana,2/24/66,2/24/66,,,
Greece,Greece,DSE,0,1949,1,Greece,3/1/46,10/16/49,,,
Guatemala,Guatemala,Forces of Carlos Castillo Armas,0,1954,1,Guatemala,6/18/54,6/27/54,,,
Guatemala,Guatemala,Military faction,0,1949,1,Guatemala,7/16/49,7/19/49,,,
Guatemala,Guatemala,URNG,1,1995,1,Guatemala,10/1/66,12/31/95,1/11/94,6/16/95,UN
Guatemala,Guatemala,"URNG. DIP, MLN",1,1995,NA,,10/1/66,12/31/95,10/9/87,10/10/87,Prime Minister Gonzalez
Guatemala,Guatemala,"URNG. DIP, MLN",1,1995,NA,,10/1/66,12/31/95,3/27/90,3/30/90,Foreign Minister Bondevik
Guatemala,Guatemala,"URNG. DIP, MLN",1,1995,NA,,10/1/66,12/31/95,5/30/90,6/1/90,
Guatemala,Guatemala,"URNG. DIP, MLN",1,1995,NA,,10/1/66,12/31/95,4/24/91,4/26/91,Forono
Guatemala,Guatemala,"URNG. DIP, MLN",1,1995,NA,,10/1/66,12/31/95,7/22/91,7/23/91,Forono
Guatemala,Guatemala,"URNG. DIP, MLN",1,1995,NA,,10/1/66,12/31/95,2/20/92,2/23/92,Pres. Natl. Rec Comm. Msgr. Forono
Guatemala,Guatemala,"URNG. DIP, MLN",1,1995,NA,,10/1/66,12/31/95,8/2/92,8/7/92,Pres. Natl. Rec Comm. Msgr. Forono
Guatemala,Guatemala,"URNG. DIP, MLN",1,1995,NA,,10/1/66,12/31/95,1/6/93,1/21/93,Forono
Guatemala,Guatemala,"URNG. DIP, MLN",1,1995,NA,,10/1/66,12/31/95,2/23/93,2/24/93,Sec. bov Ibero- American Aff. in Spain Pico de Coana
Guatemala,Guatemala,"URNG. DIP, MLN",1,1995,NA,,10/1/66,12/31/95,5/5/93,5/8/93,Bishop Quezaoda
Guatemala,Guatemala,"URNG. DIP, MLN",1,1995,NA,,10/1/66,12/31/95,10/6/93,10/13/93,
Guatemala,Guatemala,"URNG. DIP, MLN",1,1995,NA,,10/1/66,12/31/95,1/6/94,1/10/94,UN Obs Arnault
Guatemala,Guatemala,"URNG. DIP, MLN",1,1995,NA,,10/1/66,12/31/95,3/3/94,3/8/94,UN Obs Arnault
Guatemala,Guatemala,"URNG. DIP, MLN",1,1995,NA,,10/1/66,12/31/95,3/24/94,3/29/94,UN Obs Arnault
Guatemala,Guatemala,"URNG. DIP, MLN",1,1995,NA,,10/1/66,12/31/95,10/21/94,10/24/94,UN Obs Arnault
Guatemala,Guatemala,"URNG. DIP, MLN",1,1995,NA,,10/1/66,12/31/95,11/26/94,11/29/94,UN Obs Arnault
Guatemala,Guatemala,"URNG. DIP, MLN",1,1995,NA,,10/1/66,12/31/95,1/24/95,1/25/95,"UN Under Sec Goulding, Under Sec"
Guatemala,Guatemala,"URNG. DIP, MLN",1,1995,NA,,10/1/66,12/31/95,2/12/95,2/17/95,UN Rep Jean Arnault
Guatemala,Guatemala,"URNG. DIP, MLN",1,1995,NA,,10/1/66,12/31/95,2/22/95,2/23/95,UN Arnault
Guatemala,Guatemala,"URNG. DIP, MLN",1,1995,NA,,10/1/66,12/31/95,6/1/95,,UN Arnault
Guatemala,Guatemala,"URNG. DIP, MLN",1,1995,NA,,10/1/66,12/31/95,9/1/95,,UN Arnault
Guatemala,Guatemala,"URNG. DIP, MLN",1,1995,NA,,10/1/66,12/31/95,10/1/95,,UN Arnault
Guatemala,Guatemala,"URNG. DIP, MLN",1,1995,NA,,10/1/66,12/31/95,12/1/95,,UN Arnault
Guinea,Guinea,Military faction,0,1970,1,Guinea,11/22/70,11/24/70,,,
Guinea,Guinea,RDFG,0,2001,1,Guinea,9/1/00,12/31/01,,,
Guinea-Bissau,Guinea-Bissau,"Military Junta for the Consolidation of Democracy, Peace and Justice",1,1999,1,Guinea-Bissau,6/16/98,5/19/99,7//98? 8/1/98 ,4/1/99,CPLP and ECOWAS
Haiti,Haiti,Leopard Corps,0,1989,1,Haiti,4/11/89,4/11/89,,,
Haiti,Haiti,"RARF, OP Lavalas (Chimères)",0,2004,1,Haiti,2/9/04,12/31/04,,,
Haiti,Haiti,"Tonton Macoute, Engine Lourd",0,1991,1,Haiti,1/7/91,10/1/91,,,
India,India,ABSU,0,1990,1,Bodoland,3/16/89,12/31/90,,,
India,India,ATTF,0,1993,1,Tripura,10/12/92,8/23/93,,,
India,India,CPI,0,1951,1,India,9/18/48,12/31/51,,,
India,India,"CPI-ML, MCC",0,1972,1,India,5/25/67,12/31/72,,,
India,India,DHD _ BW,0,2008,1,Dimaraji,10/30/08,12/31/08,,,
India,India,Kashmir Insurgents,0,2009,1,Kashmir,12/11/89,,,,
India,India,MNF,0,1968,1,Mizoram,9/1/66,12/31/68,,,
India,India,NDFB,0,2004,1,Bodoland,1/1/93,10/15/04,,,
India,India,NDFB _ RD,0,2009,1,Bodoland,6/12/09,,,,
India,India,NLFT,0,1995,1,Tripura,10/31/95,12/31/95,,,
India,India,NLFT,0,2004,1,Tripura,1/1/97,12/31/04,,,
India,India,NLFT,0,2006,1,Tripura,11/7/06,12/31/06,,,
India,India,NNC,0,1959,1,Nagaland,1/1/56,12/31/59,,,
India,India,NNC,1,1968,1,Nagaland,1/1/61,6/15/68,4//1964,9/6/64,Nagaland Baptist Church Council
India,India,NNC,1,1968,1,Nagaland,1/1/61,6/15/68,2/18/66,2/19/66,NBCC Peace Mission (same as above)
India,India,NNC,1,1968,1,Nagaland,1/1/61,6/15/68,9/23/64,12/29/65,Nagaland Baptist Church Council
India,India,NNC,1,1968,1,Nagaland,1/1/61,6/15/68,4/9/66,4/12/66,NBCC Peace Mission
India,India,NNC,1,1968,1,Nagaland,1/1/61,6/15/68,8/10/66,8/11/66,NBCC Peace Mission
India,India,NNC,1,1968,1,Nagaland,1/1/61,6/15/68,10/27/66,10/29/66,NBCC Peace Mission
India,India,NNC,1,1968,1,Nagaland,1/1/61,6/15/68,1/2/67,1/5/67,NBCC Peace Mission
India,India,NNC,1,1968,1,Nagaland,1/1/61,6/15/68,8/22/68,8/24/68,NBCC Peace Mission
India,India,NSCN - K ,0,2007,1,Nagaland,1/23/05,12/31/07,,,
India,India,NSCN(I-M),0,1997,1,Nagaland,7/1/92,8/1/97,,,
India,India,NSCN(I-M),0,2000,1,Nagaland,1/1/00,12/31/00,,,
India,India,PLA,0,1988,1,Manipur,7/1/82,12/31/88,,,
India,India,PLA,0,2000,1,Manipur,1/1/92,12/31/00,,,
India,India,PULF,0,2008,1,Islamic State,11/9/08,12/31/08,,,
India,India,PWG,0,1994,1,India,1/1/90,12/31/94,,,
India,India,"PWG, MCC",0,2009,1,India,1/1/96,,,,
India,India,Sikh Insurgents,0,1993,1,Punjab/Khalistan,1/1/83,12/31/93,,,
India,India,TNV,0,1988,1,Tripura,1/1/78,8/12/88,,,
India,India,ULFA,0,1991,1,Assam,5/29/90,12/31/91,,,
India,India,"UNLF, PLA",0,2009,1,Manipur,1/1/03,,,,
Indonesia,Indonesia,Darul Islam Movement,0,1953,1,Indonesia,9/20/53,12/31/53,,,
Indonesia,Indonesia,Fretilin,1,1989,1,East Timor,12/7/75,12/31/89,1/8/76,3/29/76,"UN, Portugal, Australia"
Indonesia,Indonesia,Fretilin,1,1989,1,East Timor,12/7/75,12/31/89,6/1/86,6/1/86,U.N.
Indonesia,Indonesia,Fretilin,1,1992,1,East Timor,1/1/92,12/31/92,12/17/92,12/19/92,"Boutros Boutros-Ghali, Portugal"
Indonesia,Indonesia,Fretilin,1,1998,1,East Timor,1/1/97,12/31/98,6//1998,6//1998,"UN Envoy Jamsheed Marker, Nobel Peace Laureate Bishop Carlos Felibe Ximenes Belo"
Indonesia,Indonesia,Fretilin,1,1998,1,East Timor,1/1/97,12/31/98,8/5/98,8/30/99,UN
Indonesia,Indonesia,Fretilin,1,NA,1,East Timor,,,4/21/93,4/22/93,"UN, Portugal"
Indonesia,Indonesia,Fretilin,1,NA,1,East Timor,,,9/17/93,9/30/93,"UN, Portugal"
Indonesia,Indonesia,Fretilin,1,NA,1,East Timor,,,5/3/94,5/10/94,"UN, Portugal"
Indonesia,Indonesia,Fretilin,1,NA,1,East Timor,,,1/7/95,1/10/95,"UN, Portugal"
Indonesia,Indonesia,Fretilin,1,NA,1,East Timor,,,7/8/95,7/8/95,"UN, Portugal"
Indonesia,Indonesia,Fretilin,1,NA,1,East Timor,,,1/13/96,1/15/96,"UN, Portugal"
Indonesia,Indonesia,"Fretilin, Golka-ruling",1,NA,NA,,,,1/16/96,.,Foreign Ministers of portugal and Indonesia
Indonesia,Indonesia,"Fretilin, Golka-ruling",1,NA,NA,,,,4/22/99,4/22/99,Catholic Bishop Belos
Indonesia,Indonesia,GAM,0,1991,1,Aceh,9/8/90,7/31/91,,,
Indonesia,Indonesia,GAM,1,2005,1,Aceh,1/8/99,10/12/05,1/27/00,5/12/00,Henry Dunant Center for Humanitarian Dialogue (NGO)
Indonesia,Indonesia,GAM,1,2005,1,Aceh,1/8/99,10/12/05,1/7/01,12/9/02,Henry Dunant Center for Humanitarian Dialogue
Indonesia,Indonesia,GAM,1,2005,1,Aceh,1/8/99,10/12/05,5/17/03,5/18/03,"Henry Dunant Centr, Japan, EU, USA"
Indonesia,Indonesia,GAM,1,NA,1,Aceh,,,1/28/05,1/29/05,Crisis Management Initiative Group (NGO-Finland)
Indonesia,Indonesia,GAM,1,NA,1,Aceh,,,2/22/05,2/23/05,CMI Group
Indonesia,Indonesia,GAM,1,NA,1,Aceh,,,4/10/05,4/16/05,CMI Group
Indonesia,Indonesia,GAM,1,NA,1,Aceh,,,5/25/05,5/31/05,CMI Group
Indonesia,Indonesia,GAM,1,NA,1,Aceh,,,7/17/05,8/15/05,CMI Group
Indonesia,Indonesia,OPM,0,1965,1,West Papua,1/1/65,12/31/65,,,
Indonesia,Indonesia,OPM,0,1969,1,West Papua,1/1/67,12/31/69,,,
Indonesia,Indonesia,OPM,0,1978,1,West Papua,1/1/76,12/31/78,,,
Indonesia,Indonesia,"PRRI, Permesta movement, Darul Islam Movement",0,1961,1,Indonesia,1/1/58,12/31/61,12/15/56,12/31/60,
Indonesia,Indonesia,Republic of South Moluccas,0,1950,1,South Moluccas,8/5/50,11/15/50,,,
Iran,Iran,APCO,0,1980,1,Khuzestan,10/3/79,12/31/80,,,
Iran,Iran,KDPI,0,1968,1,Kurdistan,1/1/66,12/31/68,,,
Iran,Iran,KDPI,0,1988,1,Kurdistan,1/1/79,12/31/88,,,
Iran,Iran,KDPI,0,1990,1,Kurdistan,1/1/90,12/31/90,,,
Iran,Iran,KDPI,0,1993,1,Kurdistan,1/1/93,12/31/93,,,
Iran,Iran,KDPI,0,1996,1,Kurdistan,1/1/96,12/31/96,,,
Iran,Iran,Mujahideen e Khalq,0,1982,1,Iran,1/1/79,12/31/82,,,
Iran,Iran,Mujahideen e Khalq,0,1988,1,Iran,1/1/86,12/31/88,,,
Iran,Iran,Mujahideen Khalq,0,1993,1,Iran,1/1/91,12/31/93,,,
Iran,Iran,Mujahideen Khalq,0,1997,1,Iran,1/1/97,12/31/97,,,
Iran,Iran,Mujahideen Khalq,0,2001,1,Iran,1/1/99,12/31/01,,,
Iran,Iran,"PJAK, Jondullah",0,2009,2,,8/7/05,,,,
Iran,Iran,Republic of Azerbaijan,1,1946,1,Azerbaijan,1/1/46,12/31/46,1/1/46,12/16/46,"UK, USA, USSR"
Iran,Iran,"Republic of Kurdistan/KDPI, Soviet Union",0,1946,1,Kurdistan,5/1/46,12/16/46,,,
Iraq,"Iraq, United States of America, United Kingdom, Italy, South Korea, Poland, Ukra","Al-Mahdi Army, Jaish Ansar Al-Sunna, Tanzim Qa'idat al-Jihad fi Bilad al-Rafiday",1,2009,1,Iraq,4/4/04,,4/7/04,4/28/05,United Nations Secretary-General Kofi Annan
Iraq,Iraq,"DPK, PUK",0,1993,1,Kurdistan,7/1/73,12/31/93,,,
Iraq,Iraq,KDP,1,1970,1,Kurdistan,12/1/61,3/11/70,06//1969,10//1969,Michel Aflaq
Iraq,Iraq,KDP,0,1970,1,Kurdistan,12/1/61,3/11/70,,,
Iraq,Iraq,Military faction,0,1963,1,Iraq,11/18/63,11/18/63,,,
Iraq,Iraq,Nationalists,0,1959,1,Iraq,7/14/58,7/20/59,,,
Iraq,Iraq,PUK,0,1996,1,Kurdistan,1/1/96,12/31/96,,,
Iraq,Iraq,SCIRI,0,1984,1,Iraq,8/1/82,12/31/84,,,
Iraq,Iraq,SCIRI,0,1987,1,Iraq,1/1/87,12/31/87,,,
Iraq,Iraq,SCIRI,0,1996,1,Iraq,1/1/91,12/31/96,,,
Israel,Israel,"Fatah, Hamas, PNA, PIJ, PFLP, PFLP-GC",1,2009,1,Palestine,1/1/00,,5//2000,,"Clinton, US, Egypt, EU envoy, UN"
Israel,Israel,Hezbollah,1,1999,1,Southern Lebanon,11/9/90,12/31/99,4/16/96,//1999,US
Israel,Israel,Hezbollah,0,2006,1,Southern Lebanon,7/13/06,8/14/06,,,
Israel,Israel,PLO and non-PLO,1,1996,1,Palestine,1/1/49,12/31/96,9//1982,12//1996,"Egypt, US, Russia"
Israel,Israel,PLO and non-PLO,0,1996,1,Palestine,1/1/49,12/31/96,,,
Israel,Israel,PLO and non-PLO,0,1996,1,Palestine,1/1/49,12/31/96,,,
Israel,Israel,PLO and non-PLO,0,1996,1,Palestine,1/1/49,12/31/96,,,
Israel,Israel,PLO and non-PLO,0,1996,1,Palestine,1/1/49,12/31/96,,,
Israel,Israel,PLO and non-PLO,0,1996,1,Palestine,1/1/49,12/31/96,,,
Israel,Israel,PLO and non-PLO,0,1996,1,Palestine,1/1/49,12/31/96,,,
Israel,Israel,PLO and non-PLO,0,1996,1,Palestine,1/1/49,12/31/96,,,
Israel,Israel,PLO and non-PLO,0,1996,1,Palestine,1/1/49,12/31/96,,,
Israel,Israel,PLO and non-PLO,0,1996,1,Palestine,1/1/49,12/31/96,,,
Israel,Israel,PLO and non-PLO,1,1996,1,Palestine,1/1/49,12/31/96,2/1/85,6/9/85,"King Hussein, Pres Mubarak, Pres Reagan"
Israel,Israel,PLO and non-PLO,1,1996,1,Palestine,1/1/49,12/31/96,3//1991,5//1991,US (Pres Bush and Sec State Baker)
Israel,Israel,PLO and non-PLO,1,1996,1,Palestine,1/1/49,12/31/96,6//1991,1//1994,"US, SU, Egypt, Syria, Lebanon, Jordan"
Israel,Israel,PLO and non-PLO,1,1996,1,Palestine,1/1/49,12/31/96,6//1992,9/13/93,"Johan Joergen Holst, Norwegian For. Min."
Israel,Israel,PLO and non-PLO,1,1996,1,Palestine,1/1/49,12/31/96,3/21/94,5/4/94,"US, Norway, Russia, Egypt"
Israel,Israel,PLO and non-PLO,1,1996,1,Palestine,1/1/49,12/31/96,9/8/94,9/13/94,"World Bank, Bjoern Tore Godal (Norway)"
Israel,Israel,PLO and non-PLO,1,1996,1,Palestine,1/1/49,12/31/96,2/2/95,2/2/95,"Egypt (Mubarak), Jordan (Hussein)"
Israel,Israel,PLO and non-PLO,1,1996,1,Palestine,1/1/49,12/31/96,2/2/95,2/2/95,US (Clinton) Egypt/Jordan foreign ministers
Israel,Israel,PLO and non-PLO,1,1996,1,Palestine,1/1/49,12/31/96,7//1995,5/6/96,"US, Egypt"
Israel,Israel,PLO and non-PLO,1,1996,1,Palestine,1/1/49,12/31/96,//1996,9/4/96,Terje Larsen (Norway)
Israel,Israel,PLO and non-PLO,1,1996,1,Palestine,1/1/49,12/31/96,10/1/96,1/15/97,"US (Clinton, SecState Christopher, Ross)"
Israel,Israel,PLO and non-PLO,1,1996,1,Palestine,1/1/49,12/31/96,2/2/97,2/2/97,Pres. Mubarak
Israel,Israel,PLO and non-PLO,1,1996,1,Palestine,1/1/49,12/31/96,3/15/97,5/16/97,"US, Russia, Japan, EU, Arab envoys"
Israel,Israel,PLO and non-PLO,1,1996,1,Palestine,1/1/49,12/31/96,2//1997,2//1997,Miguel Angel Moratinos (EU special envoy)
Israel,Israel,PLO and non-PLO,1,1996,1,Palestine,1/1/49,12/31/96,5/26/97,6//1997,Pres Mubarak and Osama Al-Baz
Israel,Israel,PLO and non-PLO,1,1996,1,Palestine,1/1/49,12/31/96,10/8/97,11/20/99,"US (Clinton, Albright, Ross)"
Israel,Israel,PLO and non-PLO,1,1996,1,Palestine,1/1/49,12/31/96,8//1999,6/15/00,"US, Egypt, Jordan"
Israel,Israel,PLO and non-PLO,1,1996,1,Palestine,1/1/49,12/31/96,7/11/00,7/25/00,US (Clinton)   
Israel,Israel,PLO and non-PLO,1,1996,1,Palestine,1/1/49,12/31/96,9/1/00,1/27/01,"US, Egypt, Jordan, EU, UN, Russia"
Israel,Israel,PLO and non-PLO,1,1996,1,Palestine,1/1/49,12/31/96,2//2001,12//2004,"US, UK, EU, UN, Russia, Jordan, Egypt, Saudi Arabia"
Israel,Israel,PLO and non-PLO,1,1996,1,Palestine,1/1/49,12/31/96,4/30/01,4/30/01,Egypt (Mubarak) Jordan (King Abdullah)
Israel,Israel,PLO and non-PLO,1,1996,1,Palestine,1/1/49,12/31/96,6/2/01,6//2001,"UN, US-CIA, EU"
Israel,Israel,PLO and non-PLO,1,1996,1,Palestine,1/1/49,12/31/96,11/1/01,12/1/01,UK/EU 
Israel,Israel,PLO and non-PLO,1,1996,1,Palestine,1/1/49,12/31/96,12/6/01,12//2001,"US, Egypt"
Israel,Israel,PLO and non-PLO,1,1996,1,Palestine,1/1/49,12/31/96,2/26/02,,US-CIA
Ivory Coast,Ivory Coast,Forces Nouvelles,1,2007,1,Ivory Coast,9/19/02,11/1/07,10/19/02,6/29/05,French President Chirac
Kenya,Kenya,Military faction,0,1982,1,Kenya,8/1/82,8/21/82,,,
Laos,Laos,LRM,0,1990,1,Laos,12/1/89,12/31/90,,,
Laos,Laos,"Pathet Lao, Neutrals",0,1961,1,Laos,11/12/59,4/26/61,,,
Laos,Laos,"Pathet Lao, North Vietnam",0,1973,1,Laos,1/1/63,2/22/73,,,
Lebanon,Lebanon,Independent Nasserite Movement /Mourabitoun militia,0,1958,1,Lebanon,5/15/58,7/31/58,,,
Lebanon,Lebanon,"LAA, LNM",0,1976,NA,,4/13/75,10/22/76,,,
Lebanon,Lebanon,Lebanese Army (Aoun),1,1990,NA,,3/15/89,10/13/90,4/8/89,6/21/89,"US, France, Arab League"
Lebanon,Lebanon,"Lebanese Forces (Hobeika faction), NUF",1,1986,NA,,9/12/82,12/31/86,5/9/85,3/8/86,"Syria, Vatican envoy  "
Lesotho,Lesotho,military faction,0,1998,1,Lesotho,9/23/98,10/31/98,,,
Liberia,Liberia,LURD,1,2003,1,Liberia,1/1/00,8/18/03,7//2003,8/18/03,"ECOWAS, US Ambassador to Liberia, John Blaney, Jacques Paul Klein, Special Representative for the Secretary General (UN), Special Mediator of the Economic Community of West African States (ECOWAS), Gen. Abdulsalami Abubakar,"
Liberia,Liberia,Military faction,0,1980,1,Liberia,4/12/80,4/14/80,,,
Liberia,Liberia,NPFL,1,1995,1,Liberia,12/30/89,8/19/95,11//1990,8/26/95,"Fmr President Canaan Banana Organization of African Unity Eminent Person in Liberia, Anthony B. Nyakyi,  UN Secretary-General's Special Representative to Liberia, and Tom IKIMI of Nigeria,"
Libya,Libya,"NTC, Forces of Muammar Gaddafi",0,NA,1,Libya,1/28/11,,,,Hugo Chavez
Libya,Libya,"NTC, Forces of Muammar Gaddafi",0,NA,1,Libya,1/28/11,,4/11/11,5/31/11,"African Union, Jacob Zuma"
Libya,Libya,"NTC, Forces of Muammar Gaddafi",0,NA,NA,Libya,1/28/11, ,7/4/11,7/21/11,Russia
Macedonia,Macedonia,UCK,1,2001,1,Macedonia,5/1/01,8/13/01,3/11/01,5/23/01,NATO special envoy Peter Feith 
Macedonia,Macedonia,UCK,1,2001,1,Macedonia,5/1/01,8/13/01,2/5/01,2/12/01,NATO
Macedonia,Macedonia,UCK,1,2001,1,Macedonia,5/1/01,8/13/01,7/28/01,8/13/01,"EU Foreign Policy Chief, Javier Solana, NATO"
Madagascar,Madagascar,Monima National Independence Movement,0,1971,1,Madagascar,4/1/71,4/1/71,,,
Malaysia,Malaysia,CCO,1,1966,1,North Borneo,1/1/63,12/31/66,3/4/64,3/5/64,Philippines (FM Salvador Lopez)
Malaysia,Malaysia,CCO,1,1966,1,North Borneo,1/1/63,12/31/66,6/18/64,6/21/64,Philippines (FM Mauro Mendez)
Malaysia,Malaysia,CCO,1,1966,1,North Borneo,1/1/63,12/31/66,1//64,2/10/64,"Philippines, Cambodia, U.S., Thailand"
Malaysia,Malaysia,CCO,1,1966,1,North Borneo,1/1/63,12/31/66,5/29/66,6/1/66,Thailand (FM Thanat Khoman)
Malaysia,Malaysia,CPM,0,1960,1,Malaysia,1/1/58,7/31/60,,,
Malaysia,Malaysia,CPM,0,1975,1,Malaysia,1/15/74,12/31/75,,,
Malaysia,Malaysia,CPM,0,1981,1,Malaysia,1/1/81,12/31/81,,,
Mali,Mali,ATNMC,1,2009,1,Azawad,8/31/07,,?/?/2009,?/?/2009,Algeria
Mali,Mali,FIAA,1,1994,1,Azawad,11/13/94,12/31/94,12/8/94,,Algeria
Mali,Mali,MPA,1,1994,1,Azawad,8/1/90,12/31/90,9/21/90,1/6/91,Algeria
Mali,Mali,MPA,0,1994,1,Azawad,8/1/90,12/31/94,,,
Mali,Mali,MPA,1,1994,1,Azawad,8/1/90,12/31/94,1/22/92,1/24/92,Algeria
Mali,Mali,MPA,1,1994,1,Azawad,8/1/90,12/31/94,3/15/92,3/25/92,Algeria
Mali,Mali,MPA,1,1994,1,Azawad,8/1/90,12/31/94,4/17/94,4/20/94,Algeria
Mali,Mali,MPA,1,1994,1,Azawad,8/1/90,12/31/94,5/10/94,5/15/94,Algeria
Mali,Mali,MPA,1,1994,1,Azawad,8/1/90,12/31/94,6/28/94,6/28/94,Algeria
Mauritania,Mauritania,POLISARIO,1,1978,1,Western Sahara,12/15/75,12/31/78,7/1/77,10/20/78,"OAU, Sudan"
Mexico,Mexico,EPR,0,1996,1,,9/22/96,12/31/96,,,
Mexico,Mexico,EZLN,1,1994,1,Chiapas,1/2/94,12/31/94,1/12/94,1/12/94,"Roman Catholic Bishop Samuel Ruiz of the Diocese of San CristÑbal de las Casas, Chiapas. However, it is uncertain at this point if Bishop Ruiz was negotiating on behalf of the Church or if this was a private endeavor as leader of his diocese. In addition, it is unclear as to what was Bishop Ruiz' negotiation style was.  "
Moldova,Moldova,Dniestr Republic,1,1997,1,Dniestr,3/17/92,//1997,3/28/97,5/8/97??,"Russia, Ukraine, OSCE"
Moldova,Moldova,Dniestr Republic,1,1992,1,Dniestr,3/29/92,7/21/92,7/21/92,7/21/92,OSCE Mission (Russia and Ukraine)
Moldova,Moldova,Dniestr Republic,1,1992,1,Dniestr,3/29/92,7/21/92,11/13/93,11/13/93,OSCE Mission (Russia and Ukraine)
Moldova,Moldova,Dniestr Republic,1,1992,1,Dniestr,3/29/92,7/21/92,11/30/93,12/1/93,OSCE Mission (Russia and Ukraine)
Morocco,Morocco,Military faction,0,1971,1,,7/10/71,7/11/71,,,
Morocco,Morocco,POLISARIO,0,1989,1,Western Sahara,9/1/75,12/31/89,,,
Morocco,Morocco,POLISARIO,1,1989,1,Western Sahara,9/1/75,12/31/89,2/19/76,//1976,OAU/Arab League (Sec. Gen. Mahmoud Riad)
Morocco,Morocco,POLISARIO,1,1989,1,Western Sahara,9/1/75,12/31/89,11/10/78,11/13/78,Egypt (VP Mubarak)
Morocco,Morocco,POLISARIO,1,1989,1,Western Sahara,9/1/75,12/31/89,9//1978,9//1978,"Senegal (Pres. Senghor, FM Seck)"
Morocco,Morocco,POLISARIO,1,1989,1,Western Sahara,9/1/75,12/31/89,10/20/79,10/21/79,Mali (Pres. Moussa Traore)
Morocco,Morocco,POLISARIO,1,1989,1,Western Sahara,9/1/75,12/31/89,4/23/79,4/27/79,Libya
Morocco,Morocco,POLISARIO,1,1989,1,Western Sahara,9/1/75,12/31/89,9/9/80,9/12/80,OAU (Ad Hoc committee on W. Sahara)
Morocco,Morocco,POLISARIO,1,1989,1,Western Sahara,9/1/75,12/31/89,8/5/81,8/15/81,France (FM Cheysson)
Morocco,Morocco,POLISARIO,1,1989,1,Western Sahara,9/1/75,12/31/89,8/24/81,8/26/81,OAU
Morocco,Morocco,POLISARIO,1,1989,1,Western Sahara,9/1/75,12/31/89,9/21/84,9/22/84,OAU
Morocco,Morocco,POLISARIO,1,1989,1,Western Sahara,9/1/75,12/31/89,7/18/86,7/21/86,UN (Sec. General de Cuellar)
Morocco,Morocco,POLISARIO,1,1989,1,Western Sahara,9/1/75,12/31/89,8/9/86,8/11/86,UN
Morocco,Morocco,POLISARIO,1,1989,1,Western Sahara,9/1/75,12/31/89,6/2/88,8//1988,UN
Morocco,Morocco,POLISARIO,1,1989,1,Western Sahara,9/1/75,12/31/89,7/9/90,7//1990,UN
Morocco,Morocco,POLISARIO,1,1989,1,Western Sahara,9/1/75,12/31/89,6//1987,6//1987,"UN (UN Under-Secretary-General, Mr Abdulrahim Abby Farah)"
Morocco,Morocco,POLISARIO,1,1989,1,Western Sahara,9/1/75,12/31/89,3/23/84,3/24/84,Libya
Mozambique,Mozambique,Renamo,1,1992,1,Mozambique,1/1/77,10/4/92,7/8/90,7/10/90,"Italian Government, Vatican"
Mozambique,Mozambique,Renamo,1,1992,1,Mozambique,1/1/77,10/4/92,12/20/90,12/20/90,"A previously established ""verification committee"" consisting of representatives of Zimbabwe, the Congo, France, Kenya, Portugal, the Soviet Union, the United Kingdom, the United States and Zambia"
Mozambique,Mozambique,Renamo,1,1992,1,Mozambique,1/1/77,10/4/92,5/18/91,5/29/91,USA Assistant Secretary of State for African Affairs Herman Cohen
Mozambique,Mozambique,Renamo,1,1992,1,Mozambique,1/1/77,10/4/92,2/20/92,3/12/92,Italian Government
Mozambique,Mozambique,Renamo,1,1992,1,Mozambique,1/1/77,10/4/92,5/1/84,11/2/84,South African Minister of Foreign Affairs Roelof Botha
Mozambique,Mozambique,Renamo,1,1992,1,Mozambique,1/1/77,10/4/92,8/7/89,8/15/89,"Kenyan President Daniel arap Moi , Zimbabwe President Mugabe, Mozambique Delegation of Church Leaders"
Mozambique,Mozambique,Renamo,1,1992,1,Mozambique,1/1/77,10/4/92,5/28/92,8/7/92,"President Robert Mugabe of Zimbabwe. Gaositwe K. T. Chiepe, the Botswanan External Affairs Minister. Emilio Colombo, the Italian Foreign Minister. Mario Raffaelli, the co-ordinator of the mediators. and the other mediators_the Most Rev. Jaime Gonçalves, Archbishop of Beira, Andr_ Riccardi, and Don Matteo Zuppi of the Saint Egidio Order. Roland ñTinyî Rowland, chief executive of the British-based multinational Lonhro."
Myanmar,Myanmar,ABSDF,0,1992,1,Myanmar,3/20/90,12/31/92,,,
Myanmar,Myanmar,ABSDF,0,1994,1,Myanmar,1/1/94,12/31/94,,,
Myanmar,Myanmar,Arakan Insurgents,0,1988,1,Arakan,1/1/48,12/31/88,,,
Myanmar,Myanmar,ARIF,0,1992,1,Arakan,12/29/91,12/31/92,,,
Myanmar,Myanmar,"BCP, leftist organisations",0,1988,1,Myanmar,3/28/48,12/31/88,,,
Myanmar,Myanmar,BMA,0,1996,1,Mon,1/1/96,12/31/96,,,
Myanmar,Myanmar,KIO,0,1992,1,Kachin,1/1/61,10/31/92,,,
Myanmar,Myanmar,KNPP,0,1957,1,Karenni,1/1/57,12/31/57,,,
Myanmar,Myanmar,KNPP,0,1992,1,Karenni,1/1/92,12/31/92,,,
Myanmar,Myanmar,KNPP,0,1996,1,Karenni,1/1/96,12/31/96,,,
Myanmar,Myanmar,KNPP,0,2005,1,Karenni,1/16/05,12/13/05,,,
Myanmar,Myanmar,KNU,0,1992,1,Karen,9/1/48,4/28/92,,,
Myanmar,Myanmar,KNU,0,1992,1,Karen,9/1/48,4/28/92,,,
Myanmar,Myanmar,KNU,1,1995,1,Karen,1/27/95,12/31/95,4/10/95,//1995,Thai
Myanmar,Myanmar,KNU,1,2003,1,Karen,1/1/97,12/31/03,2/6/03,//2003,"Thai (Thai Prime Minister Thaksin ) , Jepanese envoy"
Myanmar,Myanmar,KNU,NA,2009,NA,Karen,,,,,
Myanmar,Myanmar,"KNU, Htain Maung",1,2009,1,Karen,4/12/05,2/11/07,2/11/07,2/11/07,
Myanmar,Myanmar,MNDAA,0,2009,1,Kokang,8/29/09,,,,
Myanmar,Myanmar,NMSP,0,1990,1,Mon,1/1/90,12/31/90,,,
Myanmar,Myanmar,PNDF,0,1949,1,Kachin,11/15/49,12/31/49,,,
Myanmar,Myanmar,RSO,0,1994,1,Arakan,1/1/94,12/31/94,,,
Myanmar,Myanmar,SSA,0,1973,NA,Myanmar,1/1/72,12/31/73,,,
Myanmar,Myanmar,"SSA, SSIA",0,1970,1,Shan,1/1/60,12/31/70,,,
Myanmar,Myanmar,SSA/s,0,2002,1,Shan,1/1/93,12/31/02,,,
Myanmar,Myanmar,SSA-S,0,2009,1,Shan,12/27/05,,,,
Myanmar,Myanmar,"SSNPLO, SSRA, MTA, PSLO",0,1988,1,Shan,1/1/76,12/31/88,,,
Myanmar,Myanmar,UWSA,0,1997,1,Wa,3/16/97,12/31/97,,,
Myanmar,Myanmar,Various,0,1963,1,Mon,9/1/48,12/31/63,,,
Nepal,Nepal,CPN-M/UPF,0,2006,1,Nepal,7/13/96,11/21/06,,,
Nepal,Nepal,Nepali Congress,0,1962,1,Nepal,2/1/60,12/31/62,,,
Nicaragua,Nicaragua,Contras/FDN,1,1989,1,Nicaragua,12/1/81,10/15/89,3/1/88,8/31/89,President Oscar Arias Sanchez of Costa Rica on behalf of Central American governments.  
Nicaragua,Nicaragua,FSLN,0,1979,1,Nicaragua,2/3/78,7/19/79,,,
Niger,Niger,CRA,1,1994,1,Air and Azawad,5/16/94,10/9/94,2/16/94,2/17/94,"Algeria, Burkina Faso, France"
Niger,Niger,CRA,1,1994,1,Air and Azawad,5/16/94,10/9/94,6/14/94,6/22/94,"Algeria, Burkina Faso, France"
Niger,Niger,CRA,1,1994,1,Air and Azawad,5/16/94,10/9/94,6//94,10/9/94,"Algeria, Burkina Faso, France"
Niger,Niger,FARS,1,1997,1,Eastern Niger,2/6/96,11/29/97,11/15/97,11/29/97,"Algeria, Burkina Faso, France"
Niger,Niger,FLAA,0,1992,1,Air and Azawad,10/1/92,12/31/92,,,
Niger,Niger,MNJ,1,2008,2,,7/1/07,10/30/08,?,?,Muammar Gaddafi of Lybia
Niger,Niger,UFRA,1,1997,1,Air and Azawad,11/29/97,11/29/97,11/15/97,11/29/97,"Algeria, Burkina Faso, France"
Nigeria,Nigeria,Ahlul Sunnah Jamaa,0,2004,1,Nothern Nigeria,9/23/04,10/30/04,,,
Nigeria,Nigeria,Boko Haram,0,2009,2,,7/26/09,,,,
Nigeria,Nigeria,Military faction,0,1966,1,Nigeria,1/15/66,7/29/66,,,
Nigeria,Nigeria,NDPVF,1,2004,1,Niger Delta,6/5/04,9/29/04,9//2004,9/29/04,Ijaw Nation Congress 
Nigeria,Nigeria,Republic of Biafra,1,1970,1,Biafra,7/6/67,1/12/70,11/25/67,11//67,OAU
Nigeria,Nigeria,Republic of Biafra,1,1970,1,Biafra,7/6/67,1/12/70,12//67,2/13/68,British Commonwealth Secretariat
Nigeria,Nigeria,Republic of Biafra,1,1970,1,Biafra,7/6/67,1/12/70,5/3/68,5/30/68,British Commonwealth Secretariat/British Govt.
Nigeria,Nigeria,Republic of Biafra,1,1970,1,Biafra,7/6/67,1/12/70,5/6/68,5/16/68,British Govt./British Commonwealth Secretariat
Nigeria,Nigeria,Republic of Biafra,1,1970,1,Biafra,7/6/67,1/12/70,5/23/68,5/31/68,British Govt./British Commonwealth Secretariat/Uganda
Nigeria,Nigeria,Republic of Biafra,1,1970,1,Biafra,7/6/67,1/12/70,8/5/68,9/9/68,OAU (Haile Selassie)
Nigeria,Nigeria,Republic of Biafra,1,1970,1,Biafra,7/6/67,1/12/70,7/31/69,8/2/69,Pope Paul VI
Nigeria,Nigeria,Republic of Biafra,1,1970,1,Biafra,7/6/67,1/12/70,4/18/69,4/20/69,OAU (Haile Selassie)
Nigeria,Nigeria,"Republic of Biafra, Iko tribes",1,1970,NA,,7/6/67,1/12/70,7/20/68,7/26/68,OAU's Consultative Committee on Nigeria (Chair: H. Selassie Ethiopia)
Nigeria,Nigeria,"Republic of Biafra, Iko tribes",1,1970,NA,,7/6/67,1/12/70,9/6/69,9/9/69,OAU's Consultative Committee on Nigeria (Chair: H. Selassie Ethiopia)
Oman,"Muscat and Oman, United Kingdom",State of Oman/Free Oman,0,1957,1,Oman,7/1/57,8/26/57,,,
Pakistan,Pakistan,Baluchi Separatists,0,1977,1,Baluchistan,1/1/74,7/5/77,,,
Pakistan,Pakistan,"BLA, Baluch, Ittehad, BRA",0,2009,1,Baluchistan,8/1/04,,,,
Pakistan,Pakistan,MQM,0,1990,1,Pakistan,6/1/90,12/31/90,,,
Pakistan,Pakistan,MQM,0,1996,1,Pakistan,1/1/95,12/31/96,,,
Pakistan,Pakistan,Mukti Bahini Liberation Force,0,1971,1,East Pakistan,3/26/71,12/16/71,,,
Pakistan,Pakistan,"TNSM, TTP",0,2009,2,,7/15/07,,,,
Panama,Panama,Military faction,0,1989,1,Panama,10/3/89,10/3/89,,,
Papua New Guinea,Papua New Guinea,BRA,1,1990,1,Bougainville,10/28/89,12/31/90,7/29/90,8/5/90,"New Zealand, International Observers (Canada, Vanuatu, Great Britain)"
Papua New Guinea,Papua New Guinea,BRA,1,1996,1,Bougainville,2/1/92,12/31/96,6/8/94,9/8/94,"Solomon Islands, Australia (FM Alexandr Downer)"
Papua New Guinea,Papua New Guinea,BRA,1,1996,1,Bougainville,2/1/92,12/31/96,9/9/95,12//95,"Australia, UN"
Papua New Guinea,Papua New Guinea,BRA,1,1996,1,Bougainville,2/1/92,12/31/96,4/19/97,7/18/97,New Zealand 
Papua New Guinea,Papua New Guinea,BRA,1,NA,1,Bougainville,,,11/17/97,11//97,Australia
Papua New Guinea,Papua New Guinea,BRA,1,NA,1,Bougainville,,,1/22/91,1/24/91,"Solomon Islands, United Church in the Solomon Islands"
Papua New Guinea,Papua New Guinea,BRA,1,NA,1,Bougainville,,,10/1/97,10/10/97,"New Zealand, Solomon Islands"
Paraguay,Paraguay,Military faction,0,1954,1,Paraguay,5/5/54,5/5/54,,,
Paraguay,Paraguay,Military faction,0,1989,1,Paraguay,2/3/89,2/3/89,,,
Paraguay,Paraguay,"Opposition coalition (Febreristas, Liberals and Communists)",1,1947,1,Paraguay,3/30/47,8/20/47,6/4/47,6/10/47,Pres. Dr Negrao de Lima
Peru,Peru,"MIR, T‡pac Amaru,  ELN",0,1966,1,Peru,10/1/65,3/31/66,,,
Peru,Peru,Sendero Luminoso,0,1999,1,Peru,8/15/81,12/31/99,,,
Peru,Peru,Sendero Luminoso,0,2009,2,,11/14/07,,,,
Philippines,Philippines,"ASG, MILF",0,2009,1,Mindanao,1/1/93,,,,
Philippines,Philippines,CPP,0,1995,1,Philippines,9/1/69,12/13/95,,,
Philippines,Philippines,CPP,0,1997,1,Philippines,12/21/97,12/22/97,,,
Philippines,Philippines,CPP,0,2009,1,Philippines,9/13/99,,,,
Philippines,Philippines,CPP,1,2011,NA,Philippines,,,2/15/11,2/21/11,"Ture Lundh, Norwegian ambassador to the Philippines"
Philippines,Philippines,HUK,0,1954,1,Philippines,7/1/46,12/31/54,,,
Philippines,Philippines,"MILF, Abu Sayyaf",1,2009,1,Mindanao,1/1/93,,7/1/97,7/18/97,"Nur Misauri (former chair of MNLF, current governor of autonomous region in Mindanao)"
Philippines,Philippines,"MILF, Abu Sayyaf",1,2009,1,Mindanao,1/1/93,,3/27/01,8/7/01,OIC
Philippines,Philippines,"MILF, Abu Sayyaf",1,2009,1,Mindanao,1/1/93,,5/9/02,5/17/02,Malaysia
Philippines,Philippines,"MNLF, MILF",1,1990,1,Mindanao,8/20/70,12/31/90,1/6/75,1//75,Organization of the Islamic Conference (OIC)
Philippines,Philippines,"MNLF, MILF",1,1990,1,Mindanao,8/20/70,12/31/90,4/17/75,8/14/75,Unidentified Moslem groups
Philippines,Philippines,"MNLF, MILF",1,1990,1,Mindanao,8/20/70,12/31/90,12/15/76,12/23/76,"OIC (Libya - Col. Kadhafi), Somalia, Senegal, Saudi Arabia"
Philippines,Philippines,"MNLF, MILF",1,1990,1,Mindanao,8/20/70,12/31/90,7/18/87,7//87,OIC
Philippines,Philippines,"MNLF, MILF",1,1990,1,Mindanao,8/20/70,12/31/90,2/7/77,3/3/77,OIC Muslim nations
Philippines,Philippines,"MNLF, MILF",1,1990,1,Mindanao,8/20/70,12/31/90,4/21/77,5/1/77,"OIC Muslim nations, Sec. Gen. of Islamic Conf. Gaye"
Philippines,Philippines,"MNLF, MILF",1,1990,1,Mindanao,8/20/70,12/31/90,11/7/93,2//94,"OIC (Mohammed Mohsin), Indonesia (FM Ali Alatas)"
Philippines,Philippines,"MNLF, MILF",1,1990,1,Mindanao,8/20/70,12/31/90,9/1/94,9/5/94,"OIC (Mohammed Mohsin), Indonesia (FM Ali Alatas)"
Philippines,Philippines,"MNLF, MILF",1,1990,1,Mindanao,8/20/70,12/31/90,11/27/95,12/1/95,"OIC (Mohammed Mohsin), Indonesia (FM Ali Alatas)"
Philippines,Philippines,"MNLF, MILF",1,1990,1,Mindanao,8/20/70,12/31/90,6/20/96,9/2/96,"OIC (Mohammed Mohsin), Indonesia (FM Ali Alatas)"
Rhodesia,Rhodesia,"ZANU , ZAPU",1,1979,1,Rhodesia,1/1/72,12/21/79,9/10/79,12/21/79,"United Kingdom - led by Secretary Lord Peter Carrington and Ian Gilmour, Baron Gilmour of Craigmillar."
Romania,Romania,National Salvation Front,0,1989,1,Romania,12/22/89,12/23/89,,,
Russia,Russia,Parliamentary forces,0,1993,1,Russia,10/3/93,10/4/93,,,
Russia,Russia,Republic of Chechnya (Ichkeria),0,1996,1,Chechnya,12/11/94,8/31/96,,,
Russia,Russia,Republic of Chechnya (Ichkeria),1,2007,1,Chechnya,7/20/99,10/7/07,10/7/99,,"EU delegation (Commissioner for Foreign Relations Chrit Patten, Finnish and Portuguese Foreign Ministers)"
Russia,Russia,Wahhabi movement of the Buinaksk district,0,1999,1,Dagestan,8/25/99,9/24/99,,,
Russia (Soviet Union),Russia (Soviet Union),Forces of the Caucasus Emirate,0,2009,1,Caucasus Emirate,11/28/07,,,,
Rwanda,Rwanda,FPR,1,1994,1,Rwanda,10/1/90,7/19/94,7/16/93,8/4/93,Pres. Myinyi
Rwanda,Rwanda,FPR,1,1994,1,Rwanda,10/1/90,7/19/94,9/17/91,9/21/91,Zaire President Mobutu
Rwanda,Rwanda,FPR,1,1994,1,Rwanda,10/1/90,7/19/94,7/10/92,7/14/92,Ahmed Hassan Diria - Tanzanian Minister of Foreign Affairs and International relations
Rwanda,Rwanda,FPR,1,1994,1,Rwanda,10/1/90,7/19/94,5/10/93,5/30/93,Tanzanian President Ali Hassan Mwinyi
Rwanda,Rwanda,FPR,1,1994,1,Rwanda,10/1/90,7/19/94,6/13/94,6/15/94,Organization of African Unity
Rwanda,Rwanda,FPR,1,1994,NA,,10/1/90,7/19/94,2/17/91,2/17/91,Pres. Myinyi
Rwanda,Rwanda,FPR,1,1994,NA,,10/1/90,7/19/94,3/18/91,3/19/91,President Sese Seko
Rwanda,Rwanda,FPR,1,1994,NA,,10/1/90,7/19/94,6/8/92,6/8/92,"US Ass Sec State for African Aff Cohen, Fr Min Delegate for Co-op Debarge, Sec G"
Rwanda,Rwanda,FPR,1,1994,NA,,10/1/90,7/19/94,8/10/92,8/18/92,"Pres. Myinyi, UN med Booh Booh of Cameroon"
Rwanda,Rwanda,FPR,1,1994,NA,,10/1/90,7/19/94,9/7/92,9/17/92,"Tanzania F. Aff, IR Minister Diria"
Rwanda,Rwanda,FPR,1,1994,NA,,10/1/90,7/19/94,10/6/92,10/31/92,"Tanzania F. Aff, IR Minister Diria"
Rwanda,Rwanda,FPR,1,1994,NA,,10/1/90,7/19/94,3/4/93,3/7/93,President Mynyi
Rwanda,Rwanda,FPR,1,1994,NA,,10/1/90,7/19/94,3/16/93,3/21/93,Pres. Myinyi
Rwanda,Rwanda,FPR,1,1994,NA,,10/1/90,7/19/94,6/9/93,6/26/93,Pres. Myinyi
Rwanda,Rwanda,PALIR,0,2002,1,Rwanda,5/25/97,12/31/02,,,
Rwanda,Rwanda,FDLR,NA,NA,NA,,,,,,
Saudi Arabia,Saudi Arabia,Juhayman Movement,0,1979,1,Saudi Arabia,11/25/79,12/15/79,,,
Senegal,Senegal,MFDC,0,1990,1,Casamance,1/1/90,12/31/90,,,
Senegal,Senegal,MFDC,1,1993,1,Casamance,1/1/92,7/8/93,1/2/92,7/8/93,Guinea-Bissau
Senegal,Senegal,MFDC,0,1995,1,Casamance,6/1/95,12/31/95,,,
Senegal,Senegal,MFDC,1,1998,1,Casamance,1/1/97,12/31/98,11/1/04,11/5/04,Afircan Union
Senegal,Senegal,MFDC,1,2001,1,Casamance,1/1/97,12/31/01,5/23/01,8/13/01,Gambia and Guinea-Bissau
Senegal,Senegal,MFDC,1,2001,1,Casamance,1/1/97,12/31/01,12/26/99,12/27/99,Gambia and Guinea-Bissau
Senegal,Senegal,MFDC,1,2001,1,Casamance,1/1/97,12/31/01,1/24/00,1/24/00,Gambia and Guinea-Bissau
Senegal,Senegal,MFDC,0,2003,1,Casamance,1/1/03,12/31/03,,,
Sierra Leone,Sierra Leone,RUF,1,2000,1,Sierra Leon,4/1/91,11/10/00,2/21/99,5/28/00,"ECOWAS, Norway"
Somalia,Somalia,"ARS/UIC, Harakat Ras Kamboni, Al-Shabaab, Hizbul-Islam",1,2009,2,,10/24/06,,,,
Somalia,Somalia,Military faction,0,1978,1,Somalia,4/9/78,4/9/78,,,
Somalia,Somalia,"SNA, SPM",1,1996,NA,,3/3/86,12/31/96,6/5/91,6/15/91,President Hassan Aptidon
Somalia,Somalia,"SNA, SPM",1,1996,NA,,3/3/86,12/31/96,7/15/91,7/21/91,President Hassan Aptidon
Somalia,Somalia,"SNA, SPM",1,1996,NA,,3/3/86,12/31/96,1/3/92,3/4/92,UN Assistant Sec. General Jonah
Somalia,Somalia,"SNA, SPM",1,1996,NA,,3/3/86,12/31/96,1/6/92,1/7/92,Ethiopian Government Rep
Somalia,Somalia,"SNA, SPM",1,1996,NA,,3/3/86,12/31/96,5/31/92,6/3/92,Ethiopian Government Reps
Somalia,Somalia,"SNA, SPM",1,1996,NA,,3/3/86,12/31/96,6/6/92,7/7/92,Ethiopia Govt. Representative
Somalia,Somalia,"SNA, SPM",1,1996,NA,,3/3/86,12/31/96,12/27/92,12/27/92,US Ambassador Oakley
Somalia,Somalia,"SNA, SPM",1,1996,NA,,3/3/86,12/31/96,1/6/93,3/27/93,"B. Butros-Ghali, UN Sec-Gen"
Somalia,Somalia,"SNA, SPM",1,1996,NA,,3/3/86,12/31/96,11/29/93,11/30/93,UN Representative
Somalia,Somalia,"SNA, SPM",1,1996,NA,,3/3/86,12/31/96,12/2/93,12/12/93,Ethiopian Government Rep
Somalia,Somalia,"SNA, SPM",1,1996,NA,,3/3/86,12/31/96,1/1/94,1/3/94,"Moi, Kenyan President"
Somalia,Somalia,"SNA, SPM",1,1996,NA,,3/3/86,12/31/96,3/11/94,3/25/94,UN Special Envoy Kouyate
Somalia,Somalia,"SNA, SPM",1,1996,NA,,3/3/86,12/31/96,1/3/97,1/9/97,Egypt For Min Al Mahammed
Somalia,Somalia,"SNA, SPM",1,1996,NA,,3/3/86,12/31/96,5/13/97,5/29/97,Egyptian Foreign Minister Mohammed
Somalia,Somalia,"SNA, SPM",1,1996,NA,,3/3/86,12/31/96,11/12/97,12/22/97,Egypt Government Rep
Somalia,Somalia,"SNA, SPM",1,1996,NA,,3/3/86,12/31/96,7/6/98,7/17/98,Kadhafi
Somalia,Somalia,"SNM, SSDF",0,1984,NA,,1/1/82,12/31/84,,,
Somalia,Somalia,SRRC,1,2002,1,Somalia,5/12/01,12/31/02,12/22/01,10/10/02,"US, Ethiopia, Sudan"
Somalia,Somalia,USC-faction,1,1996,1,Somalia,1/1/81,12/31/96,2/14/92,2/14/92,"UN, the Organization of African Unity, the Arab League and the Islamic Conference Organization"
Somalia,Somalia,USC-faction,1,1996,1,Somalia,1/1/81,12/31/96,10/8/96,10/15/96,Kenyan President Daniel arap Moi
South Africa,South Africa,ANC,1,1983,2,South Africa,1/1/81,12/31/83,6/1/83,7/20/83,"US, Bishop Tutu "
South Africa,South Africa,"ANC, PAC, Azapo",0,1988,1,South Africa,1/1/81,12/31/88,,,
South Africa,South Africa,SWAPO,0,1988,1,Namibia,8/26/66,12/22/88,,,
South Korea,South Korea,"Leftist insurgents (e.g. Inmin-gun: Peoples Army, military faction)",0,1950,1,Korea peninsula,4/1/48,6/25/50,,,
South Vietnam,South Vietnam,FNL,0,1964,1,South Vietnam,4/1/55,12/31/64,,,
Soviet Union,Soviet Union,Azerbaijani Popular Front,0,1990,1,Azerbaijan,1/19/90,1/20/90,,,
Soviet Union,Soviet Union,BDPS,0,1948,1,Lithuania,6/6/46,12/31/48,,,
Soviet Union,Soviet Union,Forest Brothers,0,1948,1,Estonia,1/1/46,12/31/47,,,
Soviet Union,Soviet Union,"LTS(p)A, LNJS, and LNPA",0,1947,1,Latvia,1/1/46,12/31/47,,,
Soviet Union,Soviet Unon,"Republic of Armenia, ANM",0,1991,1,Nagorno-Karabakh,1/19/90,10/18/91,,,
Soviet Union,Soviet Union,UPA,0,1950,1,Ukraine,1/1/46,12/31/50,,,
Spain,Spain,ETA,0,1981,1,Basque,10/3/80,12/31/81,,,
Spain,Spain,ETA,0,1987,NA,,1/1/87,12/31/87,,,
Spain,Spain,ETA,0,1992,1,Basque,1/1/91,12/31/92,,,
Sri Lanka,Sri Lanka,JVP,0,1971,1,Sri Lanka,4/5/71,6/9/71,,,
Sri Lanka,Sri Lanka,JVP,0,1990,1,Sri Lanka,2/1/89,12/31/90,,,
Sri Lanka,Sri Lanka,LTTE,1,2001,1,Eelam,7/1/83,12/24/01,8/10/83,1/25/84,India (Indira Ghandi)
Sri Lanka,Sri Lanka,LTTE,1,2001,1,Eelam,7/1/83,12/24/01,7/8/85,7/13/85,India (Indian Foreign Secretary Romesh Bhandari)
Sri Lanka,Sri Lanka,LTTE,1,2001,1,Eelam,7/1/83,12/24/01,8/12/85,8/22/85,India
Sri Lanka,Sri Lanka,LTTE,1,2001,1,Eelam,7/1/83,12/24/01,8/21/86,11/24/86,India
Sri Lanka,Sri Lanka,LTTE,1,2001,1,Eelam,7/1/83,12/24/01,7/23/87,8/4/87,India (Rajiv Ghandi)
Sri Lanka,Sri Lanka,LTTE,1,2001,1,Eelam,7/1/83,12/24/01,1/28/00,2/16/00,Norway 
Sri Lanka,Sri Lanka,LTTE,1,2001,1,Eelam,7/1/83,12/24/01,10//2000,6/8/01,Norway
Sri Lanka,Sri Lanka,LTTE,1,2001,NA,,7/1/83,12/24/01,8/14/83,8/16/83,Prime Minister Ghandi
Sri Lanka,Sri Lanka,LTTE,1,2001,NA,,7/1/83,12/24/01,8/23/85,8/26/85,"Prime Minister Ghandi, Foreign Min Bhandari"
Sri Lanka,Sri Lanka,LTTE,1,2001,NA,,7/1/83,12/24/01,10/7/85,10/10/85,Indian Foreign Sec Bhandari
Sri Lanka,Sri Lanka,LTTE,1,2001,NA,,7/1/83,12/24/01,1/3/95,1/6/95,"Foreign Monitors from Canada, Netherlands, Norway"
Sri Lanka,Sri Lanka,LTTE,1,2003,1,Eelam,6/23/03,12/31/03,1/6/03,1/9/03,Norway
Sri Lanka,Sri Lanka,LTTE,1,2003,1,Eelam,6/23/03,12/31/03,2/7/03,2/8/03,Norway
Sri Lanka,Sri Lanka,LTTE,1,2003,1,Eelam,6/23/03,12/31/03,3/18/03,3/21/03,Norway
Sri Lanka,Sri Lanka,LTTE,1,2003,1,Eelam,6/23/03,12/31/03,1/9/02,2/22/02,"Norway,  Deputy Foreign Minister Vidar Helgesen"
Sri Lanka,Sri Lanka,LTTE,1,2003,1,Eelam,6/23/03,12/31/03,9/16/02,9/18/02,"Norway, Norwegian peace negotiator Erik Solheim"
Sri Lanka,Sri Lanka,LTTE,1,2003,1,Eelam,6/23/03,12/31/03,10/31/02,11/3/02,Norway
Sri Lanka,Sri Lanka,LTTE,1,2003,1,Eelam,6/23/03,12/31/03,12/2/02,12/5/02,Norway
Sri Lanka (Ceylon),Sri Lanka (Ceylon),LTTE,1,2009,1,Eelam,12/2/05,,,,
Sudan,Sudan,Anya Nya/SSLM,1,1972,1,Southern Sudan,1/1/63,1/31/72,5//1971,2/28/72,"World Council of Churches, All-Africa Council of Churches"
Sudan,Sudan,Islamic Charter Front,0,1976,1,Sudan,7/2/76,7/2/76,,,
Sudan,Sudan,"SLM/A, JEM",1,2009,1,Sudan,4/9/03,,10/22/03,12/8/03,IGAD
Sudan,Sudan,"SLM/A, JEM",1,2009,1,Sudan,4/9/03,,9//2004,1/9/05,IGAD
Sudan,Sudan,"SLM/A, JEM",1,2009,1,Sudan,4/9/03,,3/31/04,4/8/04,President Idriss D_by of Chad
Sudan,Sudan,"SLM/A, JEM",1,2009,1,Sudan,4/9/03,,7/15/04,7/18/04,Hamid Algabid the Former PM of Niger
Sudan,Sudan,"SLM/A, JEM",1,2009,1,Sudan,4/9/03,,9/2/03,9/4/03,President Idriss D_by of Chad
Sudan,Sudan,"SPLA, DUP",1,2009,1,Southern Sudan,5/17/83,,11/5/92,11/11/92,Chairman of Med Comm. Ologunju/President Babanguida
Sudan,Sudan,"SPLA, DUP",1,2009,NA,,5/17/83,,9/19/94,9/21/94,President Moi
Sudan,Sudan,"SPLA, DUP",1,2009,NA,,5/17/83,,3/24/95,3/28/95,Carter
Sudan,Sudan,"SPLA, DUP",1,2009,NA,,5/17/83,,2/19/97,2/20/97,S. African President Mandela
Sudan,Sudan,"SPLA, DUP",1,2009,NA,,5/17/83,,8/4/97,8/6/97,IGAD (Chair Kenyan Pres. Moi) Committee for Sudan
Sudan,Sudan,"SPLA, DUP",1,2009,1,Southern Sudan,5/17/83,,10/25/93,10/25/93,Former US Pres. Jimmy Carter
Sudan,Sudan,"SPLA, DUP",1,NA,NA,,5/17/83,,8/7/91,8/7/91,President Babanguida
Sudan,Sudan,SPLM,1,2009,1,Southern Sudan,5/17/83,,7/19/94,7/30/94,President Moi
Sudan,Sudan,SPLM,1,2009,1,Southern Sudan,5/17/83,,12/1/89,12/5/89,Former US Pres. Jimmy Carter
Sudan,Sudan,SPLM,1,2009,1,Southern Sudan,5/17/83,,5/26/92,6/5/92,OAU (Nigerian Pres. Ibrahim Babangida)
Sudan,sudan,SPLM,1,2009,1,Southern Sudan,5/17/83,,2/22/93,2/23/93,Uganda (Pres. Yoweri Museveni)
Sudan,Sudan,SPLM,1,2009,1,Southern Sudan,5/17/83,,4/8/93,5/18/93,OAU/Nigeria
Sudan,Sudan,SPLM,1,2009,1,Southern Sudan,5/17/83,,1/7/94,1/10/94,"IGADD (Ethiopia, Eritrea, Kenya, Uganda)"
Sudan,Sudan,SPLM,1,2009,1,Southern Sudan,5/17/83,,3/8/94,3/23/94,"IGADD (Ethiopia, Eritrea, Kenya, Uganda)"
Sudan,Sudan,SPLM,1,2009,1,Southern Sudan,5/17/83,,5/18/94,5/20/94,"IGADD (Ethiopia, Eritrea, Kenya, Uganda)"
Sudan,Sudan,SPLM,1,2009,1,Southern Sudan,5/17/83,,7/18/94,7/28/94,"IGADD (Ethiopia, Eritrea, Kenya, Uganda)"
Sudan,Sudan,SPLM,1,2009,1,Southern Sudan,5/17/83,,9/5/94,9/7/94,"IGADD (Ethiopia, Eritrea, Kenya, Uganda)"
Sudan,Sudan,SPLM,1,2009,1,Southern Sudan,5/17/83,,8/12/97,8/26/97,Pres. Nelson Mandela (South Africa)
Sudan,Sudan,SPLM,1,2009,1,Southern Sudan,5/17/83,,10/28/97,11/11/97,"IGAD, Pres. Nelson Mandela (South Africa)"
Sudan,Sudan,SPLM,1,2009,1,Southern Sudan,5/17/83,,5/3/98,5/6/98,"IGAD (Ethiopia, Eritrea, Kenya, Uganda)"
Sudan,Sudan,SPLM,1,2009,1,Southern Sudan,5/17/83,,8/4/98,8/6/98,"IGAD (Ethiopia, Eritrea, Kenya, Uganda)"
Sudan,Sudan,SPLM,1,2009,1,Southern Sudan,5/17/83,,7/19/99,7/23/99,"IGAD (Ethiopia, Eritrea, Kenya, Uganda)"
Sudan,Sudan,SPLM,1,2009,1,Southern Sudan,5/17/83,,1/13/02,1/23/02,USA (John Danforth US envoy to Sudan)
Sudan,Sudan,SPLM,1,2009,1,Southern Sudan,5/17/83,,6/17/02,9/1/02,IGAD
Sudan,Sudan,SPLM,1,2009,1,Southern Sudan,5/17/83,,10/14/02,10/17/02,IGAD
Sudan,Sudan,SPLM,1,2009,1,Southern Sudan,5/17/83,,11/5/02,11/18/02,IGAD
Sudan,Sudan,SPLM,1,2009,1,Southern Sudan,5/17/83,,1/23/03,2//2003,IGAD
Sudan,Sudan,SPLM,1,2009,1,Southern Sudan,5/17/83,,3/19/03,//2003,IGAD
Sudan,Sudan,SPLM,1,2009,1,Southern Sudan,5/17/83,,5/10/03,5//2003,IGAD
Sudan,Sudan,SPLM,1,2009,1,Southern Sudan,5/17/83,,7/8/03,7/17/03,"IGAD (Kenya), UK, US"
Sudan,Sudan,SPLM,1,2009,1,Southern Sudan,5/17/83,,8/10/03,9/25/03,IGAD
Sudan,Sudan,SPLM,1,2009,1,Southern Sudan,5/17/83,,10/17/03,1/26/04,"IGAD, US Sec. of State Colin Powell"
Sudan,Sudan,SPLM,1,2009,1,Southern Sudan,5/17/83,,2/??/04,5/26/04,IGAD (Kenya )
Sudan,Sudan,SPLM,1,2009,1,Southern Sudan,5/17/83,,8/17/04,11/19/04,IGAD
Sudan,Sudan,SPLM,1,2009,1,Southern Sudan,5/17/83,,12/9/04,12/31/04,IGAD
Sudan,Sudan,SPLM,1,2009,1,Southern Sudan,5/17/83,,11/26/99,12/5/99,Djibouti Pres. Guilleh
Sudan,Sudan,Sudanese Communist Party,0,1971,1,Sudan,7/19/71,7/21/71,,,
Sudan,Sudan,Republic of South Sudan,NA,NA,NA,,,,,,Hugo Chavez
South Sudan,South Sudan,"SSDM/A, SSLM/A",NA,NA,NA,,,,,,African Union
Surinam,Surinam,SLA/Jungle Commando,0,1988,1,Surinam,7/1/86,12/31/88,,,
Syria,Syria,Military faction,0,1966,1,Syria,2/23/66,2/23/66,,,
Syria,Syria,Muslim Brotherhood,0,1982,1,Syria,6/16/79,2/2/82,,,
Tajikistan,Tajikistan,"IRP, TDP",1,NA,1,Tajikistan,,,5/16/98,5/18/98,Kyrgyzstan
Tajikistan,Tajikistan,Movement for Peace in Tajikistan,0,1998,1,Tajikistan,11/4/98,11/9/98,,,
Tajikistan,Tajikistan,UTO,1,1996,1,Tajikistan,6/29/92,12/23/96,5/5/94,6/28/94,Iran
Tajikistan,Tajikistan,UTO,1,1996,1,Tajikistan,6/29/92,12/23/96,7/7/94,9/18/94,UN envoy
Tajikistan,Tajikistan,UTO,1,1996,1,Tajikistan,6/29/92,12/23/96,4/19/95,4/26/95,UN
Tajikistan,Tajikistan,UTO,1,1996,1,Tajikistan,6/29/92,12/23/96,7/8/96,7/21/96,UN
Tajikistan,Tajikistan,UTO,1,1996,1,Tajikistan,6/29/92,12/23/96,11/25/96,12/11/96,UN
Tajikistan,Tajikistan,UTO,1,NA,1,Tajikistan,,,1/6/97,1/19/97,Iran
Tajikistan,Tajikistan,UTO,1,NA,1,Tajikistan,,,2/28/97,3/8/97,Russia
Thailand,Thailand,CPT,0,1982,1,Thailand,10/1/74,12/31/82,,,
Thailand,Thailand,Military faction (Navy),0,1951,1,Thailand,6/30/51,7/1/51,,,
Thailand,Thailand,Patani insurgents,0,2009,1,Thailand,10/25/03,,,,
Togo,Togo,Military faction,0,1991,1,Togo,11/28/91,12/4/91,,,
Togo,Togo,MTD,0,1986,1,Togo,9/23/86,9/24/86,,,
Trinidad and Tobago,Trinidad and Tobago,Jamaat al-Muslimeen,0,1990,1,Trinidad and Tobago,8/1/90,8/1/90,,,
Tunisia,Tunisia,RTsistance ArmTe Tunisienne,0,1980,1,Tunisia,1/27/80,1/27/80,,,
Turkey,Turkey,Devrimci Sol,0,1992,1,Turkey,7/13/91,12/31/92,,,
Turkey,Turkey,Devrimici Sol,0,NA,1,Kurdistan,,,,,
Turkey,Turkey,MKP,0,2005,2,,6/18/05,10/17/05,,,
Turkey,Turkey,PKK/Kadek/KONGRA-GEL,0,2009,1,Kurdistan,8/15/84,,,,
Uganda,Uganda,Military faction (forces of Charles Arube),0,1974,2,,3/23/74,11/24/74,,,
Uganda,Uganda,UDCA/LRA,1,1998,1,Uganda,2/22/94,12/31/98,6/8/06,4/26/08,"Southern Sudan Vice President Riek Machar, the Community of Sant'Egido, South Africa, Kenya, and Mozambique."
Uganda,Uganda,UPA,1,1972,1,Uganda,1/25/71,11/30/72,10/4/72,10/5/72,"Styad Barreh, President of Somalia"
Uganda,Uganda,"UPA, UDCA",0,1991,1,Uganda,1/1/81,12/31/91,,,
UK,UK,"INLA, IRA",1,1998,NA,,,4//1998,12/15/95,12/18/95,Special US envoy George Mitchell
UK,UK,"INLA, IRA",1,1998,NA,,,4//1998,10/7/97,10/20/97,Special US envoy George Mitchell
UK,UK,PIRA,1,1991,1,N. Ire.,8/1/71,12/31/91,8/12/69,8/20/69,Eire PM Jack Lynch
UK,UK,PIRA,1,1991,1,N. Ire.,8/1/71,12/31/91,12/6/73,12/9/73,Eire PM Liam Cosgrave other Eire officials
UK,UK,PIRA,1,1991,1,N. Ire.,8/1/71,12/31/91,5//1980,11/15/85,Eire PM Garrett FitzGerald
UK,UK,PIRA,0,NA,1,N. Ire.,,,,,
UK,UK,PIRA,1,NA,1,N. Ire.,,,7/6/92,11/10/92,Former Australian Governor General Sir Ninian Stephen
UK,UK,PIRA,1,NA,1,N. Ire.,,,12/15/93,3//1994,"Eire PM Albert Reynolds, UK PM John Major"
UK,UK,PIRA,1,NA,1,N. Ire.,,,1/26/95,2/22/95,"UK NI Secretary Mayhew, Eire PM John Bruton, "
UK,UK,PIRA,1,NA,1,N. Ire.,,,6/10/96,6/19/96,Special US envoy George Mitchell
UK,UK,PIRA,1,NA,1,N. Ire.,,,9/5/97,9/24/97,Special US envoy George Mitchell
UK,UK,PIRA,1,NA,1,N. Ire.,,,1/12/98,4/10/98,Special US envoy George Mitchell
UK,UK,RIRA,0,1998,1,N. Ire.,1/1/98,8/18/98,,,
Uruguay,Uruguay,MLN/Tupamaros,0,1972,1,Uruguay,1/28/72,12/31/72,,,
USA,"USA, Australia, Canada, France, Germany, Italy, Japan, Jordan, Netherlands, Pola",al-Qaida (The Base),0,2002,1,USA,9/11/01,12/31/02,,,
USA,"USA, United Kingdom, Australia, Afghanistan, Belgium, Canada, Czehc Republic, Fr",al-Qaida (The Base),0,2004,1,USA,1/1/04,12/31/04,,,
USA,"USA, United Kingdom, Australia, Afghanistan, Belgium, Canada, Czehc Republic, Fr",al-Qaida (The Base),NA,2009,NA,,,,,,
Uzbekistan,"Uzbekistan, Kyrgyzstan",IMU,0,2000,1,Uzbekistan,8/17/00,12/31/00,,,
Uzbekistan,"Uzbekistan, Kyrgyzstan",JIG,0,2004,1,Uzbekistan,3/30/04,9/30/04,,,
Venezuela,Venezuela,Military faction,0,1962,1,Venezuela,7/3/62,12/31/62,,,
Venezuela,Venezuela,Military faction,0,1992,1,Venezuela,2/4/92,11/29/92,,,
Yemen,Yemen,Dem. Rep. of Yemen,1,1994,1,S. Yemen,4/28/94,7/7/94,3//1994,4//1994,"Jordan, Oman, French/US attaches, Egypt, Arab League"
Yemen,Yemen,Dem. Rep. of Yemen,1,1994,1,S. Yemen,4/28/94,7/7/94,6/9/94,6/29/94,"UN (Special envoy Lakdhar Brahimi), Arab League members"
Yemen,Yemen,Dem. Rep. of Yemen,1,1994,1,S. Yemen,4/28/94,7/7/94,6/30/94,6/30/94,Russia For. Min. Kozyiev
Yemen,Yemen,Dem. Rep. of Yemen,1,NA,1,S. Yemen,,,10//1993,11//1993,"France, Oman, Jordan, Palestinian, U.S."
Yemen,Yemen,Dem. Rep. of Yemen,1,NA,1,S. Yemen,,,12//1993,12//1993,Jordan
Yemen ,Yemen ,AQAP,0,2009,2,,12/17/09,,,,
Yemen North (Arab Repub),Yemen (North),National Democratic Front,1,1982,1,Yemen,5/1/80,12/31/82,11/23/81,11/26/81,"Kuwaiti Government, President Ali Nasser Mohammed of South Yemen"
Yemen North (Arab Repub),Yemen (North),National Democratic Front,1,1982,1,Yemen,5/1/80,12/31/82,4/3/82,4/16/82,Palestinian Liberation Organization (PLO)
Yemen North (Arab Repub),Yemen (North),Opposition coalition,0,1948,1,Yemen ,2/17/48,3/14/48,,,
Yemen North (Arab Repub),Yemen (North),Royalists,1,1970,1,Yemen ,10/1/62,3/15/70,6/12/65,6/15/65,"Al Sabah, PM of Kuwait"
Yemen North (Arab Repub),Yemen (North),Royalists,1,1970,1,Yemen ,10/1/62,3/15/70,8/1/67,8/5/67,Arab Ministeral Conference
Yemen North (Arab Repub),Yemen (North),Royalists,1,1970,1,Yemen ,10/1/62,3/15/70,9/17/67,9/26/67,"The Tripartite Committee (foreign ministers from Sudan, Iraq, and Morocco)"
Yemen South (people repub),Yemen (South),Faction of Yemenite Socialist Party,1,1986,1,Yemen,1/13/86,1/23/86,1/15/86,,Soviet embassy officials